term,displayed_category_count
(Anthurium),1
(Hamanasu),1
(Linecke),1
(Zdravetz),1
/erdox,1
A pues,1
Abelia,1
Absinthe,1
Acacia,1
Acai Berry,1
AccordEudora?,1
Acerola,1
Acerola Blossom,1
Acetyl Furan,1
Achillea Olympus,1
Acorm,1
Acronychia pedunculata,1
Advocaat,1
Affogato,1
African Marigold,1
Agarwood (Oud),1
Agave,1
Agave Nectar,1
AGh,1
Aglaia,1
Airy Note,1
Akashic Acord,1
Akebia fruit,1
Akigalawood,1
Alba Rose,1
Albe Vera,1
Albizia,1
Alcantara Accord,1
Aldambre,1
Aldehydes,1
Alder,1
Aldron,1
Algae,1
Allspice,1
Almaciga,1
Almands),1
Almdudler,1
Almond,1
Almond Blossom,1
Almond tree,1
Alpinia,1
Alstroemeria,1
Althaea,1
Aluminum,1
Alumreot,1
Alyssum,1
Amaranth,1
Amaretto,1
Amarillys,1
Amarula,1
AmazonMoonflower,1
Amber,1
Amber Xtreme,1
Amberever,1
Ambergris,1
Amberketal,1
"Ambertonic"" (IFF)",1
Ambrarome,1
Ambrein,1
Ambreine,1
Ambretone,1
Ambrette (Musk Mallow),1
Ambrettolide,2
AmbreXolide,1
Ambrinol,1
Ambrocenide (Symrise),1
"Ambrofix""",1
Ambroran,1
Ambrostar,1
AMBROXR SUPER,1
Amburana Bark,1
Amburana Wood,1
Amethyst Flower,1
Ammonia,1
Ammophila (BeachGrass),1
Amyl Salicylate,1
Anemone,1
Angelica,1
Angelica Root,1
Angers Trumpet,1
Animal Notes,1
Anise,1
Anthamber,1
Antillone',1
Aperol,1
apioca,1
Apple,1
Apple Blossom,1
Apple Juice,1
Apple liquor,1
Apple Mint,1
Apple Ple,1
Apple Pulp,1
Apple Sherbet,1
Apple Shisha Accord,1
Apple Tree,1
Applejack,1
Apricot,1
Apricot Blosom,1
Apricot Jam,1
Apricot Wood,1
Aqua,1
Aquaflora,1
Aquozone,1
Araucaria,1
Arbutus (Madrona,1
Aretic Bramble,1
Argan,1
Argan Tree,1
Arnica,1
Aromatie Notes,1
Artemisia,1
Artichokn,1
Arum Lily,1
AryTis,1
Asafoetida,1
Ashberry,1
Ashoka Flower,1
Asian Clintonia,1
Asparagus,1
Aspen,1
Aspic,1
Assam Tea,1
Astragalus,1
Australfan Blue Cypress,1
Australian Oud,1
Avocado,1
Azalea,1
Azolla Water Ferm),1
Azteca Lily,1
Baba (Italian dessert),1
Baby's Breath,1
Bacon,1
Bagas de Zim bro,1
Baguetto,1
Baileys Irish Cream,1
Baking Spices,1
Baklava,1
Baknd Apple,1
Bakod Pear,1
Balsamic Vinegar,1
Bamboo,1
Banana,1
Banana Bread,1
Banana Flower,1
Banana Leaf,1
Banana peel,1
Banksia Australian,1
Baobab,1
Barberry,1
Bark,1
Barley,1
Basil,1
Batida,1
Bay Essence,1
Bay Leaf,1
BBQ,1
Beachheather,1
Bearberry,1
Bearberry Tre),1
Beech,1
Beer,1
Beer/Ale,1
Beetroo,1
Behini Tree,1
Belambra Tree,1
Belanis,1
Belladona,1
Bellflower,1
Bellini,1
Bengal Pepper,1
Benzoin,1
Betel Leaf,1
Beugainvillea,1
Bigarane,1
Birch,1
Birch Tar,1
Bird cherry,1
Biryarl,1
Bisabolene,1
Biscotti,1
Biscuit,1
Bitter melon,1
Black Cherry,1
Black Currant,1
Black Currant Blossom,1
Black Currant Leaf,1
Black Diamond,1
Black Hemlock or Tsuga,1
Black Leather,1
Black Locust,1
Black Sapote,1
Black Sesame,1
Black Spruce,1
Blackberry,1
Blackberry Blossom,1
Blackberry Leaf,1
Blackcurrant Juice,1
Blackthom,1
Blackwood,1
Blonde Tobacco,1
Blonde Woods,1
Blood,1
Blood Orange,1
Blue Amber,1
Blue Bugle,1
Blue Crystal,1
Blue Liles.,1
Blue Pea Flower,1
Blue Poppy,1
Blueberry,1
Blueberry Jam,1
Boba,1
Bohea (Wuyi Tea),1
Bois d'Encens,1
Boisiris,1
Bomeol,1
Boozy Notes,1
Borage,1
Boronia,1
Bottlebrush,1
Bourbon Whiskey,1
Bourgeonal,1
Bouvardia,1
Boyvenberry,1
Bran,1
Brandy,1
Brazil Nut,1
Brazilan Reseweod,1
Bread Flow,1
Breu-Branco,1
Brick,1
Brioche,1
Bromelia,1
Brown Scotch Tape,1
Brown Sugar,1
Brownie,1
Bubbaloo,1
Buchu or Agathosma,1
Buckwheat Tea,1
Buckwhest,1
Buddha Weod,1
Buddleia,1
Bulbble Gum,1
Bulrush,1
Buming Cherry,1
Bumt Match,1
Buntus,1
Burdock,1
Buriti,1
Burnt Sugar,1
Bushman Candle,1
Butomus Umbellatus,1
Butter,1
Buttercream,1
Buttercup,1
Buttered Rum,1
Buttermilk,1
Butterscotch,1
Cabernet Grape,1
Cabreuva,1
Cacao Blossom,1
Cacao Butter,1
Cachalox,1
Cachaqa,1
Cactus,1
Cactus Blossom,1
Cade oil,1
Caipirinha,1
Cake,1
Calafate,1
Calamansi,1
Calamus,1
Calendula,1
Calfe Latte,1
Calissons d'Abt,1
Calla Uly,1
Calone,1
Calvados Drink,1
Calypsone,1
Cambodian Oud,1
Camellia,1
Camphor,1
Canadian Balsam,1
Cananga,1
Candied Flowers,1
Candied Fruits,1
Candied Ginger,1
Candied Lemon,2
Candied Orange,1
Candies,1
Candle Wax,1
Candlenut,1
Candy apple,1
Canele,1
Cangzhu,1
Canna flower,1
Cannoli,1
Cannonball Flower,1
Caoutchouc,1
Cappuccino,1
Carambola (Star Fruit),1
Caramelized Almond,1
Cardamom,1
Carissa,1
Carob Tree,1
Carolina Reaper,1
Carrot,1
Carrot Seeds,1
Carum,1
Carvas,1
Cascalone,1
Cascarilla,1
Cashalox,1
Cashew,1
Cashmeran,1
Cashmir wood,1
Cassata SiciTiana,1
Cassowary Fruit,1
Catnip,1
Cauliflower,1
Cedar,1
Cedar Leavos,1
Cedar Roots,1
Cedramber,1
Celery,1
Celery Seeds,1
Celosia,1
Centella Asiatica,1
Cepes,1
Cereal,1
Cetonalo,1
cha,1
Chai Hu,1
Chali Latte,1
Chalk,1
Chalocd Bark,1
Chamallow,1
Chamomlle,1
Champagne,1
Champagne Cola,1
Champagne Rose,1
Chantilly Cream,1
Chaparral,1
Charcoal,1
Charred Wood,1
Chayote,1
Cheesecake,1
Cherimoya,1
Cherry,1
Cherry Blossom,1
Cherry Jam,1
Cherry Leaf,1
Cherry Liqueur,1
Cherry Milk,1
Cherry Syrup,1
Chery Tree,1
Chestnut,1
Chia Send,1
Chicory,1
Chimonanthus or,1
China Rose,1
Chinese Medicinal Herbs,1
Chinese Oud,1
Chinose Magnolia,1
Chinotto,2
Chinotto blossom,1
Chive,1
Chlorophyll,1
Chocolate Flower,1
Chocolate Fudge,1
Chocolate Sauce,1
Chocolate Truffle,1
Choux Pastry,1
Choya Loban,1
Choya Nakh,1
Choya Ral,1
Christmas Tree or Flame,1
Chrysanthemum,1
Chuan Xiong,1
Churros,1
Chypre Notes,1
Cider Apple,1
Cigarotte,1
Cilantro,1
Cinnamaldehyde,1
Cinnamon Leaf,1
Cistus Incanus,1
Citron,1
Citron Leaf,1
Citrus Water,1
Citruses,1
Civet,1
Civettone,1
Clary Sage,1
Clarycet,1
Clay,1
Clean notes,1
Clematis,1
Clementine,1
Cloudberry,1
Clove Leaf,1
Clover,1
Club,1
CO2 Extracts,1
Coal Tar Pitch,1
Cobblestone,1
Coca,1
Coca-Cola,1
Cocaine,1
Cocktal accord,1
Cocktal Fruits,1
Coco De Mer,1
"Cocoa Pulse""",1
Cocobolo,1
Coconut,1
Coconut Blossom,1
Coconut Pie,1
Coconut Powder,1
Coconut Tree,1
Coconut Water,1
Coffee Blassom,1
Coffee CO2,1
Coffee Liqueur,1
Coffee Tincture,1
Cognac,1
Cogumelo Porcino,1
Cola,1
Coleus,1
Colfee Tree,1
Com Silk,1
Condensed Milk,1
Cone Waffle,1
Confetti (Sugared,1
Conifer,1
Cookie,1
Cookie Dough,1
Copahu Balm,1
Copaiba Balm,1
Copal,1
Copoasu,1
Copper,1
Coral Limestone,1
Coral Reef,1
Corano,1
Coriander,1
Coriander Flower,1
Cork,2
Corn,1
Cornflower Sultan Seeds,1
Corydalis,1
"Cosmofruit"" (IFF)",1
Cosmone,1
Costus,1
Cotton Candy,1
Cotton Flower,1
Cottonwood (Poplar),1
Coumarin,1
Count's Fruit,1
Cranberry,1
Cream,1
Cream Cheese Frosting,1
Cream Liqueur,1
Cream Soda,1
Creamsicle,1
Creamy Flowers,1
Creamy notes,1
Credit Cards,1
Creme Brolee,1
Crimson Fruits,1
Crinum Lily,1
Crispy Roll,1
Crithmum,1
Croissant,1
Crustaceans,1
Crystalfizz,1
Cuban Cigar,1
Cucumber,1
Cucumber Flower,1
Culantro,1
Cumin,1
Cupcake,1
"Cupuagu, Cupuassu",1
Curacao,1
Curcuma (Turmeric),1
Currant Leaf and Bud,1
Curry,1
Curry Tree,1
Custard,1
Cycamen,1
Cyclopidene,1
Cyperus Scariosus,1
Cypress,1
Cypriol Oil or Nagarmotha,1
CzechChristmasCookies,1
Dahlia,1
Daikon Radish,1
Daim,1
Daiquini,1
Damascone,1
Dandelion,1
Danish pastry,1
Daphne,1
Dark Chocolate,1
Dark Patchouli,1
Dark Plum Wu Mei,1
Dartanolb,1
Dates,1
Datura,1
Davana,1
Daylily,1
Deadnettle,1
Decalepis hamiltonil,1
Deer Tongue Grass,1
Desert Rain Accord,1
Desert Rose,1
Desert Sagebrush,1
Dew Drop,1
Dewberry,1
Dianthus,1
Dihydromyrcenol,1
Dill,1
Dirt,1
Ditax wood,1
Diving Suit,1
Diviniris,1
Dodecanal,1
Donut or Doug hnut,1
Dorayaki,1
Dove Tree,1
Dragee,1
Dragibus,1
Dragon Blood Resin,1
Dried Apple Crisp,1
Dried Fallen Leaves,1
Dried Fruits,1
Dried Rose,1
Dry Wood,1
Duck Poo Qolong,1
Ducke,1
Dulce de Leche,1
Durian,1
Dust,1
Dyer's Greenweed,1
Earl Grey Tea,1
Earth Tincture,1
Earthy Noties,1
Eau de Vie,1
Ebony Tree,1
Edelweiss,1
ednoriuey,1
Eg9,1
Eggnog,1
Eglantine Rose,1
Elderberry,1
Elderflower,1
Elemi,1
Elue Margarita,1
Ember,1
Encian,1
eounb,1
Erigeron (Fleabane),1
Espresso,1
Espresso Coffee,1
Estoraque,1
Ethyl Maltol,1
Ethyl Vanifn,1
Ethylvanillin,1
Eucalyptus,1
Eugenol,1
Euphorbia,1
Eustoma | Lisianthus,1
Evergreen,1
Evernyl,1
Exaltolide?,1
Factor X,1
False Cypress,1
Feathers,1
Feljoa Fruit,1
Fenugreek,1
Fermented Rice Wine),1
Fern,1
Ferrmwnted Tea,1
Field Scabious,1
Fig,1
Fig Blossom,1
Fig Leaf,1
Fig Mik,1
Fig tree,1
Filbertone,1
Finger Lime,1
Fior di Latte,1
Fire Lly,1
Fish,1
Fiver Notes,1
Flamingo Flower,1
Flint,1
Floral Notes,1
Floralozone,1
Floratta DNA,1
Flour,1
Flouve,1
Flower Prism,1
Flowering Gourd,1
Fo Ti (Ho Shou Wu),1
fogurt,1
Forest Foliage,1
Forest Fruits,1
Forget Me Not,1
Fougere Accord,1
Fragonia,1
Frangipani,1
French Marigold,1
French Pastries,1
Fresh Cream,1
Fresh Evergreen,1
Fresh note,1
Fringed Pink,1
Frosted Berries,1
Frosting [Glace],1
Frostwood,1
Frothed milk,1
Fruit Salad,1
Fruity Notes,1
Fruity Powder,1
Fuchsia,1
Fuj Apple,1
Gaharu Buaya,1
Gajumaru Banyan,1
Galanga,1
Galaxode,1
Galbanum,1
Gardenia,1
Gariguette Strawberry,1
Garlic,1
Garlic Blossom,1
Gasoline,1
Gelatin,1
Gelato,1
Genet,1
Genipapo,1
Geranium,1
Gerbera,1
Ghaf tree,1
Ghost Pepper,1
Gianduia,1
Ginger,1
Gingerbread,1
Gingergra4s,1
Ginkgo,1
Gladiolus,1
Glass,1
Goat Ha'r,1
Goat's Milk,1
Goji Berries,1
Gold,1
Goldenberry,1
Goldenrod,1
Gooseberry,1
Gorse,1
Goumand Accord,1
Graham Crackers,1
Grains,1
Grape Leaves,1
Grape Seed,1
Grapeflower,1
Grapefru't Blossom,1
Grapefruit,1
Grapefruit Leaf,1
Grapefruit Peel,1
Grapefruit Soda,1
Grapes,1
Graphite,1
Grass,1
Grass Tree,1
Grease,1
Great Bumet,1
Green,1
Green Anjou Pears,1
Green Banana,1
Green Branches,1
Green Chilli,1
Green Coffee,1
Green Forest,1
Green Grape,1
Green Nard,1
Green Notes,1
Green Pear,1
Green Pepper,1
Green Petals,1
Green Plum,1
Green Sap,1
Green Tangerine,1
Green Tea Flower,1
Greenguge,1
Grenadine,1
Grevillea,1
Griotte Cherries,1
Grisalva,1
Grogue,1
Gromwe,1
Ground Cherry,1
Guaiac Wood,1
Guaiacol,1
Guao or Maiden Plum,1
Guarana,1
Guava,1
Guava Blossom,1
Guava Nectar,1
Guayacan,1
Guinea Pepper,1
Gun Smoke,1
Gunpowder,1
Gurjun Balbam,1
Gustavia Flower,1
H'noki Wood,1
Habanolide,1
Hair Pomade,1
Halva,1
Ham,1
Hand Cream,1
Hashish,1
Hassaku,1
Hat Straw,1
Hatkora Lemon,1
Hawthorn,1
Hazel Elossom,1
Hazelnut,1
Hazelnut Cocoa Spread,1
Head Space Waterfall,1
Healingwood,1
Heated metal,1
Heather,1
Hedione,1
Heliotrope,1
Hellabore Flower,1
Hemlock,1
Henna,1
Heps,1
Hexyl Acetate,1
Hi-FI,1
Hibiscus,1
Himalayan Cedar,1
Hina,1
Hindinol,1
Hivernal@,1
Hlvetolide,1
Ho Wood,1
Hoary Stock,1
Hog Plum,1
Hojicha,1
Holly Flower,1
Hollyhock,1
Holy Water,1
Honey,1
Honeybush or Cyclopia,1
Honeycomb,1
Honeydew Blossom,1
Honeydew Melon,1
Honeysuckle,1
Hookah,1
Horchata,1
Horse skin,1
Horsepower,1
Hortensia,1
Hot Chocolate,1
Hot Iron,1
Hoya Carmosa Wax Plant,1
Huang Lian,1
Hyacinth,1
Hyraceum,1
Ice cream,1
Icing Pink,1
Immortelle,1
Impatiens,1
Incense,1
Indian Oud,1
Indian Sandahwood,1
Indian Spices,1
Indian Woods,1
Indole,1
Indonesian Oud,1
Industrial Glue,1
Inkcstick,1
Instant Film Accord,1
Inula,1
Iris Butter,1
Iris Pallida,1
Isabella Grape,1
Iso E Super,1
Isobutyl Quinoline,1
Jabuticaba,1
Jacaranda,1
Jackfruit,1
Jade Flower,1
Jambu,1
Japanese Incense,1
Japanese Pepper,1
Jarana Flower,1
Jasmine,1
Jasmine Orchid,1
Jasmine Tea,1
Jasmolactone,1
Jasmone,1
Jatamansi or Spikenard,1
Javanol,1
Jawely uod wey),1
Jeaddad uranuad,1
Jeans,1
JeBns unds,1
Jefns wjed,1
Jelly,1
Jellybean,1
Jin Xuan Tea Leaves,1
Jobs Toars (Yi Yi Ren),1
Jojoba,1
Jonquille,1
Jujube,1
Jujube Blossom,1
Juniper,1
Kabosu,1
Kaempferia Galanga,1
Kaffir Lime,1
Kanuka,1
Kanya Rosewood,1
Kanzan Cherry,1
KarmaflorB,1
Karo-Karounde,1
Katrafay,1
Katsura Leaf,1
Kawa Drink,1
Keemun Tea,1
Kephalis,1
Khella,1
Kir Royal,1
Kiwano,1
Kiwi,1
Kiwi blessom,1
Kiwi Jam,1
Knafeh,1
Kombucha,1
Kopi LuwakCoffee,1
Kowhai,1
Kudzu,1
Kulfi,1
Kumbaru,1
Kumquat,1
Kunafa,1
Kyara wood,1
Kyphi,1
Labdanum,1
Laburnum,1
Lace,1
Lacquered Wood,1
Lady of the Night Flower,1
Lady Slpper Ovchid,1
Lamduan Flower,1
Lamprocapnos,1
Lantana,1
Lantana leaf,1
Laotian Oud,1
Lapsang Souchong Tea,1
Larkspur,1
laro,1
Laurel Blossom,1
Laurissilva Forest,1
Leather,1
Ledum,1
Lemen Myrtle,1
Lemon,1
Lemon Balm,1
Lemon Blossom,1
Lemon Meringue Pie,1
Lemon Pie,1
Lemon Soda,1
Lemon Tree,1
Lemon Verbena,1
Lemon Zest,1
Lemonade,1
Lerries,1
Lettuce,1
Liatrix,1
Lichen,1
Licorice,1
Lily-of-the-Valley,1
Lily-of-the-Valley Leaves,1
Lilybelle,1
Lime (Llinden) Blossom,1
Limetta,1
Limnophila Aromatica,1
Limoncello,1
Linaloe Berry,1
Linalool,1
Linen,1
Lingonberry,1
Lip Gloss,1
Lipstiek,1
Liquor,1
Lishan Tea,1
Litchi,1
Litchi Blossom,1
Litsea Cubeba,1
Little Doll Strawberry,1
Llquidambar,1
Loa,1
Loam,1
Loffee,1
Loganberry,1
Lollipop,1
Longan Beries,1
Longjing Tea,1
Longora,1
lonones,1
Lorenox,1
Lotus,1
Lotus Seed,1
Loukhoum,1
Lovage Root,1
lronwood,1
Lucuma,1
Lydlia Broom,1
Lyoylang,1
Ma-Kwaen,1
Macadamia,1
Macadamia Flower,1
Macarons,1
Macchiato,1
Madeira,1
Madeleine,1
Madonna Lily,1
Magnola Brookynenss,1
Magnolia,1
Magnolia Leaf,1
Magvolan,1
Mahogany,1
Mahonia,1
Mahonial,1
Mai Tai Cocktail,1
Malaysian Oud,1
Malt,1
Malva,1
Mamey,1
Mandarin Orange,1
Mandarin Orange Blet,1
Mandora,1
Mandrake,1
Mange Blossom,1
Mango,1
Mango Tree,1
Mangosteen,1
Maninka,1
Manuka,1
Maple,1
Maple Syrup,1
Maqui Berry,1
Maraschino Cherry,1
Marble,1
Margarita,1
Marian Plum,1
Marigold,1
Mariposa Lily,1
Marjoram,1
Marmalado,1
Marron Glace,1
Marshmallow,1
Martini,1
Marzipan,1
Masala Chal,1
Massoia,1
Mastic or Lentisque,1
Mate,1
Mayflower,1
Mayonnaise Accord,1
Me bsangs,1
Meadowsweet,1
Meat,1
Medlar,1
Melati,1
Melba,1
Melbaton,1
Melilot or Sweet Clover,1
Melissa Fower,1
Mellotus,1
Melon,1
Menthol,1
Meringues,1
Mess Flex,1
Metallie Notes,1
Methyl Pample,1
Meuste de Sao,1
Mezcal,1
Michela,1
Michelia leaf,1
Midori,1
Mignonette,1
Milk,1
Milk Candy,1
Milk Cream,1
Milk Mousse,1
Milkshake,1
Milkweeds,1
Millet,1
Milly Coffe,1
Mimosa,1
Mimosa Leaves,1
Mimusops Elengi,1
Mineral Notes,1
Mint,1
Mint Tea,1
Mirabelle,1
Mirabilis,1
Miracle Berry,1
Mistletoe,1
Miswak,1
Mitti Attar,1
Mocha,1
Mochi,1
Mock Orange,1
Moepel Accord,1
Mojto,1
Molasses,1
Moming Glory Flower,1
Monarda,1
Money,1
Monoi Oil,1
Moon Flower,1
Moonshine,1
more,1
Moringa Blossom,1
Motor Oil,1
Mountain Air,1
mousse,1
Moxalone,1
Mugwort,1
Muhuhu,1
Mul berry plant,1
Mulberry,1
Mulled Wine,1
Mung Bean,1
Mung Beans,1
Murcott,1
Muscenone,1
Muscovado,1
Muscrat,1
Mushroom,1
Musk,1
Mustard Seed,1
Myrica,1
Myrrh,1
Myrtle,1
Mysore Sandalwood,1
Mystikal,1
Nag Champa,1
Nail Polish,1
Nalca,1
Naphthalene,1
Narcissus,1
Nard,1
Nashi Pear,1
Nasturtium,1
NaturalCalm,1
Nectar,1
Nectarine,1
Nectarine Blossom,1
Negroni,1
Nemophila,1
Neoprene,1
Nerium Oleander,1
Neroli,1
Nettle,1
New Magazine,1
Nigella,1
Night Blooming Cereus,1
Nom Maew,1
Nootka,1
Norlimbanol,1
ntuododo,1
Nut Grass,1
Nutella,1
Nutly Notes,1
Nutmeg,1
Nympheal,1
Oak,1
Oak Leaves,1
Oakmoss,1
Oat,1
Obsidial @,1
odine,1
Odoratum,1
Okra Seeds,1
Old Books,1
Old Furniture,1
Old House,1
Olibanum Sacra Resin,1
Olive,1
Olive flower,1
Olive Leaf,1
Olive Tree,1
Olymra plant accord,1
Omithogalum,1
Opium,1
Orange,1
Orange Blossom,1
Orange Flower Water,1
Orange Gelato,1
Orange Marmalsde,1
Orange Soda,1
Orbitone,1
Orcanox,1
Orchard Blossom,1
Orchid,1
Orchid Black Diamond,1
Orchid Cactus,1
Orchid Leaf,1
Orchid Pink Leopard,1
Oregano,1
Oriental Notes,1
Orris Root,1
Osmanthus,1
Osmanthus milk,1
"Osmasylk Natsublim""",1
Oud Butter,1
Oud Smoke,1
Oud Sumatra,1
Ouzo,1
Oysters,1
Ozonic Notes,1
Palestinian Sweet Lime,1
Palisander Rosewood,1
Palm Leaf,1
Palmarosa,1
Palo Santo,1
Pamplewood,1
Pan de Muerto,1
Pan Di Spagna,1
Pancake,1
Pandan,1
Pandan Leaf,1
Pandanus,1
Pandore,1
Panettone,1
Panna Cotta,1
Papaya,1
Papaya Blossom,1
Paper Mulberry,1
Paperbark,1
Papyrus,1
Para-Cresyl Pherryl Acetate,1
Paradisamide,1
Paradisone,1
Paraguayan Green,1
Paramela,1
Parchment,1
Parsley,1
Party Balloons,1
Passion Flower,1
Passionfruit,1
Pastiera Napoletana,1
Pataqueira,1
Patchouli,1
Patchouli (Green),1
Peach Blossom,1
Peach Cresm,1
Peach Leaf,1
Peach Tree,1
Peanut,1
Pear Blossom,1
Pear Juicn,1
Pear lce Cream,1
Pear Leaf,1
Pear Tree,1
Pearadise,1
Pebbles,1
pedwey,1
Pelargonium,1
Pencil,1
Pennyroyal,1
Pepperwood,1
Perfume lemon,1
Persimmon,1
pertree,1
Peru Balsam,1
Pesnut Butter,1
Pesto,1
Petitgrain,1
Petrichor,1
Petroleum,1
Peyote,1
Phoebe zhennan,1
Physcool8,1
Pimento,1
Pimento Leaf,1
Pimento Seeds,1
Pina Colada,1
Pinat Noir Grapes,1
Pine Nuts,1
Pine Tar,1
Pine Tree,1
Pineapple,1
Pink Crystal,1
Pink Himalayan Sea Salt,1
Pink Ipe Tree,1
Pink Pepper,1
Pisco Sour Cocktal,1
Pistachio,1
Pistachio Liquer,1
Pistachio Spread Cream,1
Pitahaya,1
Pitanga,1
Pizza,1
Plantain,1
Plasma,1
Plastic,1
Plastic Bag,1
Play-Doh,1
Plum,1
Plum Brandy,1
Plum Elossom,1
Plum Tree,1
Plum Wine,1
Plumeria,1
Poinsettia,1
Poison,1
Poivro,1
Pokan,1
Pollen,1
Pomarose,1
Pomegranate,1
Pomelo,1
poowues,1
Poplar (Populus) Buds,1
PopPy,1
Popsicle,1
Porcelain,1
Porcelain clay,1
Port Wine,1
Portlandia,1
Portulaca or Pigweed,1
Posidonia,1
Potato,1
Powder From The Moon,1
Powdered Leaf,1
Powdered Sugar,1
Powdery Notes,1
Prafiterole,1
Praline,1
Pretzel,1
Prickly Pear,1
Priest's Clothes,1
Privet,1
Prosecco,1
Protea,1
Prunella,1
Prunol,1
PrW,1
Pu'er Tea,1
Pua Keni Keni (Pua-Lulu),1
Pudding,1
Pulff Pastry,1
Pumpkin,1
Pumpkin Pie,1
Punch,1
Purple Coneflower,1
Purple Yam,1
Purslane,1
Qatmilk,1
Qily Nates,1
Qolong Tea,1
Quandong Desert Peach,1
Queen of the Night Flower,1
Quenepa,1
Radish,1
Rain Notes,1
Rainbow Sorbet,1
Raki,1
Rambutan,1
Rangoon Creeper,1
Rangpur,1
Raspberry,1
Raspberry Blossom,1
Raspberry leaf,1
Raspberry Macaron,1
Ravenala,1
Ravensara,1
RE Base,1
Red Algue,1
Red Apple,1
Red Currant,1
Red Fruits,1
Red Fruits Smoothie,1
Red Fruits Sorbet,1
Red Lantem,1
Red Mandarin,1
Red Mulberry,1
Red Willow,1
Red Wine,1
Redwood,1
Redwood Flower,1
Reseda,1
Resins,1
Rhizoma Atractylodis,1
Rhodinol,1
Rhododendron,1
Rhubarb,1
Rhum Agricole,1
Rice,1
Rice Cake,1
Rice Powder,1
Rice Pudding,1
Rice Water,1
Ricotta,1
Rind Bergamot,1
Roasted Nuts,1
Rocket fuel,1
Rod Berries,1
Romandolideoo,1
Rooibos Red Tea,1
Root Beer,1
Roots,1
Ros,1
Rosa Alba,1
Rosa Rubiginosa,1
Rose,1
Rose Apple,1
Rose Hip,1
Rose Jam,1
Rose Leaf,1
Rose Mallow,1
Rose Millk,1
Rose Oxide,1
Rose Thom,1
Rosebay Willewherb,1
Rosebud,1
Roselle,1
Rosemary,1
Rosev,1
Rosyfolia,1
Rove Japanese,1
Rubber,1
Rue,1
Rum,1
Rumve,1
Sabah Snake Grass,1
Sacher Torte,1
Saffano Leather,1
Safflor,1
Saffren,1
Safraleine,1
Safrole,1
Sage,1
Sainfoir,1
Sake,1
Salak,1
Salicylic Acid,1
Salmiak salt,1
Salted Butter,1
Salted Caramel,1
Salted Caramel Fudge,1
Salted Egg Yolk,1
Saman,1
Samphire,1
sand,1
Sandalwood,1
Sandslore,1
Sangria,1
"Santamanol""",1
Santol,1
Santolina,1
Sapodilla,1
sapuudss,1
Sarsaparilla,1
Sassafras,1
Satin,1
Satureja,1
Saucer Magnolia,1
Sauco-aroma Baijiu,1
Saw Palmetto,1
Sawdust,1
Scent Trek,1
Scone,1
Scots pine variant,1
sdopwous,1
Sea Buckthorn,1
Sea cucumber,1
Sea Daffodil,1
Sea Shells,1
Sea Water,1
seodapao,1
Serenolide,1
Seriguela,1
Serrano Pepper,1
Sesame,1
Sex on the beach,1
Shamama Attar,1
Shea Butter,1
Sherry,1
Shiikuwasha,1
Shiso,1
Shorterust Pastry,1
Siam,1
Siam Cardamom,1
Siam Wood,1
Sideritis Mountain Tea,1
Silk Tree Blossom,1
Silk Vine or Milk Broom,1
Silver,1
Silverberry,1
Silverthorn Flower,1
Sinfonide,1
Siren,1
Siriuba Tree,1
Sisal Rope,1
Skatole,1
Skeleton Flower,1
Skin,1
Skin musk,1
Skunk Cabbage,1
Slate,1
Smoke,1
Smoketree,1
Snake Plant,1
Snakeroot,1
Snow Lotus,1
Snowberry,1
Soap,1
Soda Bubbles,1
Sodium Silicate,1
Soju,1
Solar Notes,1
Solomon's Seal,1
som,1
soojnoads,1
Sophora Toromiro Flower,1
Sorbet,1
Sorghum,1
Soufle,1
Sour Cherry,1
Sour Cherry Blossom,1
Sour Cream,1
Sour Milk,1
Soursop,1
Soy Milk,1
Soy Sauce,1
soybean,1
SP3 Carbon,1
Space Ship,1
Spanish Broom,1
Sparkding Water,1
Sparking Accord,1
Speermint,1
Spicy Notes,1
Spinach,1
Spiraea,1
Spiranol,1
Spray Paint,1
Spruce,1
Squishmallow Accord,1
St. John's Wort,1
Star Anise,1
Star Apple,1
Star Magnolia,1
Starburst Candy,1
Stardust,1
Starfish,1
Starflower,1
Steam accord,1
Stems Greens,1
Stephanotis,1
Stone,1
Straw,1
Strawbarry Yogurt,1
Strawberry Fizz Candy,1
Strawberry Flower,1
Strawberry Gum,1
Strawberry Leaf,1
Strawberry Plant,1
Strawberry S'mores,1
Strelitzia,1
Strobilanthes Callosa,1
Styrax,1
Sublimolidem,1
Sudachi citrus,1
Suede,1
Suederal8,1
Sugandha Kolkila,1
Sugar,1
Sugar Candy,1
Sugar cookie,1
Sugar Syrup,1
Sulphur,1
Sumac,1
Sundew,1
Sunflower,1
Sunscreen,1
Suntan Lotion,1
Surf Wax,1
suuele,1
Swartzia,1
Sweat,1
Sweet Alyssum,1
Sweet Grass,1
Sweet Milk,1
Sweet Pea,1
Sweet Potato,1
SweetPie,1
Sycamore,1
Sylkolide,1
T-5hirt ascord,1
Taif Rose,1
Taiwan lncense-cedar,1
Takamaka,1
Talc,1
Talu Balsam,1
Tamarind,1
Tamarisk,1
Tamboti Wood,1
Tanalide?,1
Tangelo,1
Tangerine,1
Tangerine Blossom,1
Tanghulu,1
Tansy,1
Tarragon,1
Tarte Tatin,1
Tartine,1
Tatami,1
Tayberry,1
Tea Tree Oil,1
Teak Wood,1
Tennis Ball,1
Tequila,1
Terebinth Tree,1
Terpentine,1
Terracotta,1
Terranol,1
Thaland Oud,1
"Thalassogaia""",1
Thanaka Wood,1
Thistle,1
Thuja,1
Thymo,1
Ti Leaf (Cordyline),1
Tiare Flower,1
Timberol,1
Timbersilkr,1
Timur,1
Tiramisu,1
Tires,1
Toast,1
Toasted Riee,1
Toatted Coconut,1
Tobacco,1
Tobucco Blossom,1
Toffe,1
Tolkaji Wine,1
Tomato,1
Tomato Leaf,1
Tomato Sauce,1
Tonic Water,1
Tonka Bean,1
"Tonquitone""",1
Toothpaste,1
Torreya,1
Toscanol,1
Transparent Flowers,1
Tree,1
Trees,1
Tres Leches,1
Trillum,1
Trimofix@,1
Triple Sec,1
Tropezienne Tarte,1
Tropical Fruits,1
Tropicalone,1
Truffle,1
Tuberolide,1
Tuberose,1
Tucuma,1
Tulip,1
Tulsi,1
Tumblew,1
Tumnera Diffusa (Damiana),1
Tupig,1
Tussilago farfara,1
Ube,1
Ultravanil*,1
Umami,1
Umeshu,1
usenbs,1
Valerian,1
Vamish Accord,1
Vanila Sauce,1
Vanilla,1
Vanilla Bahiana,1
Vanilla Leawes,1
Vanilla Macaroon,1
Vanillin,1
Vegetal Notes,1
Veloutone,1
Velvet Woods,1
Verjuice,1
Vermouth,1
Vetiver,1
Vialet Woodsomel,1
Viburnum,1
Viclet,1
Viclet Leaf,1
Vietnamese Oud,1
Vieux Carre,1
Vinegal,1
Vinyl,1
Vinyl Guaiacol,1
Vitamin C,1
Vod ka,1
Waffle,1
Wallflower,1
Walnut,1
Walnut Milk,1
Wan Sao Lhaong,1
Waratah,1
Wasabi,1
Water,1
Water Flowers,1
Water Fruit,1
Water Hyacinth,1
Water Lily,1
Water Lily Leaf,1
Water Pepper,1
Watermelon,1
Wattleseed,1
West Indian Bay,1
Westem Honey Bee,1
Western redcedar,1
Wet Plaster,1
Wet Stone,1
Whest,1
Whiskey,1
White Champaca,1
White Chocolate,1
White Chocolate Truffle,1
White Currant,1
White Dahlia,1
White Ginger Lily,1
White Grape,1
White Lace Flowwer,1
White Leather,1
White Meranti,1
White Mulberry,1
White Oud,1
White Powder,1
White Tea Blossom,1
White Tobacco,1
Whoopie Pie,1
Wild garlis leaf,1
Wild Strawberry,1
Wildffowers,1
Williams Pear,1
Wine Lees,1
Wine must,1
Winter Daphne,1
Winter Tea,1
Winterberry,1
Wintergreen,1
Wintermelon,1
Wintersweet,1
Wisteria,1
Wlow-Leaved,1
Wolfberry,1
Wolfwood,1
Wood barrel,1
Woodruff or Galium,1
Woody Notes,1
Wool,1
Wormwood,1
Yang-Ylang,1
Yarrow,1
Yeast,1
Yellow Bells,1
Yellow Cherry,1
Yellow Flowers,1
Yellow Fruits,1
Yellow Wine,1
Yohimbe,1
Yuca Cassava,1
Yumberry,1
Yunnan Osmanthus,1
Yunnan Red Tea,1
Yuzu,1
Yuzu Flower,1
Z-11HD,1
Zefir,1
Zinnia,1
Zucchini,1
