term,category
Blood Orange,CITRUS SMELLS
Calamansi,CITRUS SMELLS
Candied Lemon,CITRUS SMELLS
Chinotto,CITRUS SMELLS
Citron,CITRUS SMELLS
Citrus Water,CITRUS SMELLS
Crystalfizz,CITRUS SMELLS
Citruses,CITRUS SMELLS
Finger Lime,CITRUS SMELLS
Clementine,CITRUS SMELLS
Grapefruit,CITRUS SMELLS
Grapefruit Leaf,CITRUS SMELLS
Grapefruit Peel,CITRUS SMELLS
Grapefruit Soda,CITRUS SMELLS
Green Tangerine,CITRUS SMELLS
Kabosu,CITRUS SMELLS
Hatkora Lemon,CITRUS SMELLS
Hassaku,CITRUS SMELLS
Lemon Balm,CITRUS SMELLS
Kumquat,CITRUS SMELLS
Kaffir Lime,CITRUS SMELLS
Lemon,CITRUS SMELLS
Lemen Myrtle,CITRUS SMELLS
Lemon Verbena,CITRUS SMELLS
Lemon Tree,CITRUS SMELLS
Lemon Zest,CITRUS SMELLS
Litsea Cubeba,CITRUS SMELLS
Limetta,CITRUS SMELLS
Mandarin Orange,CITRUS SMELLS
Mandora,CITRUS SMELLS
Methyl Pample,CITRUS SMELLS
Murcott,CITRUS SMELLS
mousse,CITRUS SMELLS
Palestinian Sweet Lime,CITRUS SMELLS
Orange,CITRUS SMELLS
Perfume lemon,CITRUS SMELLS
Neroli,CITRUS SMELLS
Petitgrain,CITRUS SMELLS
Rangpur,CITRUS SMELLS
Pomelo,CITRUS SMELLS
Pokan,CITRUS SMELLS
Rind Bergamot,CITRUS SMELLS
Shiikuwasha,CITRUS SMELLS
Sudachi citrus,CITRUS SMELLS
Red Mandarin,CITRUS SMELLS
Tangerine,"FRUITS, VEGETABLES AND NUTS"
Yuzu,"FRUITS, VEGETABLES AND NUTS"
Tangelo,"FRUITS, VEGETABLES AND NUTS"
more,"FRUITS, VEGETABLES AND NUTS"
Acai Berry,"FRUITS, VEGETABLES AND NUTS"
Akebia fruit,"FRUITS, VEGETABLES AND NUTS"
Acerola,"FRUITS, VEGETABLES AND NUTS"
Acorm,"FRUITS, VEGETABLES AND NUTS"
Apple Juice,"FRUITS, VEGETABLES AND NUTS"
Apple Pulp,"FRUITS, VEGETABLES AND NUTS"
Almond,"FRUITS, VEGETABLES AND NUTS"
Apple,"FRUITS, VEGETABLES AND NUTS"
Aretic Bramble,"FRUITS, VEGETABLES AND NUTS"
Apple Sherbet,"FRUITS, VEGETABLES AND NUTS"
Apricot,"FRUITS, VEGETABLES AND NUTS"
Argan,"FRUITS, VEGETABLES AND NUTS"
Ashberry,"FRUITS, VEGETABLES AND NUTS"
Artichokn,"FRUITS, VEGETABLES AND NUTS"
Banana,"FRUITS, VEGETABLES AND NUTS"
Banana peel,"FRUITS, VEGETABLES AND NUTS"
Barberry,"FRUITS, VEGETABLES AND NUTS"
Bearberry,"FRUITS, VEGETABLES AND NUTS"
Beetroo,"FRUITS, VEGETABLES AND NUTS"
Lerries,"FRUITS, VEGETABLES AND NUTS"
Black Cherry,"FRUITS, VEGETABLES AND NUTS"
Black Currant,"FRUITS, VEGETABLES AND NUTS"
Bitter melon,"FRUITS, VEGETABLES AND NUTS"
Black Sapote,"FRUITS, VEGETABLES AND NUTS"
Blackberry,"FRUITS, VEGETABLES AND NUTS"
Blackthom,"FRUITS, VEGETABLES AND NUTS"
Blueberry,"FRUITS, VEGETABLES AND NUTS"
Boyvenberry,"FRUITS, VEGETABLES AND NUTS"
Buriti,"FRUITS, VEGETABLES AND NUTS"
Brazil Nut,"FRUITS, VEGETABLES AND NUTS"
Cabernet Grape,"FRUITS, VEGETABLES AND NUTS"
Buming Cherry,"FRUITS, VEGETABLES AND NUTS"
Calafate,"FRUITS, VEGETABLES AND NUTS"
Candlenut,"FRUITS, VEGETABLES AND NUTS"
ednoriuey,"FRUITS, VEGETABLES AND NUTS"
Cashew,"FRUITS, VEGETABLES AND NUTS"
Carambola (Star Fruit),"FRUITS, VEGETABLES AND NUTS"
Carrot,"FRUITS, VEGETABLES AND NUTS"
Cauliflower,"FRUITS, VEGETABLES AND NUTS"
Cassowary Fruit,"FRUITS, VEGETABLES AND NUTS"
Cepes,"FRUITS, VEGETABLES AND NUTS"
Chayote,"FRUITS, VEGETABLES AND NUTS"
Cherry,"FRUITS, VEGETABLES AND NUTS"
Cherimoya,"FRUITS, VEGETABLES AND NUTS"
Cherry Jam,"FRUITS, VEGETABLES AND NUTS"
Chestnut,"FRUITS, VEGETABLES AND NUTS"
seodapao,"FRUITS, VEGETABLES AND NUTS"
Chinose Magnolia,"FRUITS, VEGETABLES AND NUTS"
Chia Send,"FRUITS, VEGETABLES AND NUTS"
Cloudberry,"FRUITS, VEGETABLES AND NUTS"
Cider Apple,"FRUITS, VEGETABLES AND NUTS"
Coco De Mer,"FRUITS, VEGETABLES AND NUTS"
Cogumelo Porcino,"FRUITS, VEGETABLES AND NUTS"
Coconut Water,"FRUITS, VEGETABLES AND NUTS"
Coconut,"FRUITS, VEGETABLES AND NUTS"
Conifer,"FRUITS, VEGETABLES AND NUTS"
Com Silk,"FRUITS, VEGETABLES AND NUTS"
Cranberry,"FRUITS, VEGETABLES AND NUTS"
Count's Fruit,"FRUITS, VEGETABLES AND NUTS"
Corn,"FRUITS, VEGETABLES AND NUTS"
"Cupuagu, Cupuassu","FRUITS, VEGETABLES AND NUTS"
Crimson Fruits,"FRUITS, VEGETABLES AND NUTS"
Currant Leaf and Bud,"FRUITS, VEGETABLES AND NUTS"
Cucumber,"FRUITS, VEGETABLES AND NUTS"
Copoasu,"FRUITS, VEGETABLES AND NUTS"
Daikon Radish,"FRUITS, VEGETABLES AND NUTS"
Cyperus Scariosus,"FRUITS, VEGETABLES AND NUTS"
Dark Plum Wu Mei,"FRUITS, VEGETABLES AND NUTS"
Decalepis hamiltonil,"FRUITS, VEGETABLES AND NUTS"
Dried Apple Crisp,"FRUITS, VEGETABLES AND NUTS"
Dewberry,"FRUITS, VEGETABLES AND NUTS"
Dried Fruits,"FRUITS, VEGETABLES AND NUTS"
Elderberry,"FRUITS, VEGETABLES AND NUTS"
Durian,"FRUITS, VEGETABLES AND NUTS"
Feljoa Fruit,"FRUITS, VEGETABLES AND NUTS"
Fig,"FRUITS, VEGETABLES AND NUTS"
Fig Mik,"FRUITS, VEGETABLES AND NUTS"
Filbertone,"FRUITS, VEGETABLES AND NUTS"
Flowering Gourd,"FRUITS, VEGETABLES AND NUTS"
Fig Leaf,"FRUITS, VEGETABLES AND NUTS"
Frosted Berries,"FRUITS, VEGETABLES AND NUTS"
Fruit Salad,"FRUITS, VEGETABLES AND NUTS"
Forest Fruits,"FRUITS, VEGETABLES AND NUTS"
Fruity Notes,"FRUITS, VEGETABLES AND NUTS"
Gariguette Strawberry,"FRUITS, VEGETABLES AND NUTS"
Fuj Apple,"FRUITS, VEGETABLES AND NUTS"
Genipapo,"FRUITS, VEGETABLES AND NUTS"
Fruity Powder,"FRUITS, VEGETABLES AND NUTS"
Goji Berries,"FRUITS, VEGETABLES AND NUTS"
Gooseberry,"FRUITS, VEGETABLES AND NUTS"
Goldenberry,"FRUITS, VEGETABLES AND NUTS"
Grains,"FRUITS, VEGETABLES AND NUTS"
Green Anjou Pears,"FRUITS, VEGETABLES AND NUTS"
Grapes,"FRUITS, VEGETABLES AND NUTS"
Grape Seed,"FRUITS, VEGETABLES AND NUTS"
Green Banana,"FRUITS, VEGETABLES AND NUTS"
Green Plum,"FRUITS, VEGETABLES AND NUTS"
Greenguge,"FRUITS, VEGETABLES AND NUTS"
Green Grape,"FRUITS, VEGETABLES AND NUTS"
Green Pear,"FRUITS, VEGETABLES AND NUTS"
Ground Cherry,"FRUITS, VEGETABLES AND NUTS"
Guarana,"FRUITS, VEGETABLES AND NUTS"
Guava,"FRUITS, VEGETABLES AND NUTS"
Guava Nectar,"FRUITS, VEGETABLES AND NUTS"
Isabella Grape,"FRUITS, VEGETABLES AND NUTS"
Hog Plum,"FRUITS, VEGETABLES AND NUTS"
Honeydew Melon,"FRUITS, VEGETABLES AND NUTS"
Hazelnut,"FRUITS, VEGETABLES AND NUTS"
Jobs Toars (Yi Yi Ren),"FRUITS, VEGETABLES AND NUTS"
Jabuticaba,"FRUITS, VEGETABLES AND NUTS"
Jackfruit,"FRUITS, VEGETABLES AND NUTS"
Lingonberry,"FRUITS, VEGETABLES AND NUTS"
Kiwi,"FRUITS, VEGETABLES AND NUTS"
Kumbaru,"FRUITS, VEGETABLES AND NUTS"
Kiwano,"FRUITS, VEGETABLES AND NUTS"
Litchi,"FRUITS, VEGETABLES AND NUTS"
Loganberry,"FRUITS, VEGETABLES AND NUTS"
Longan Beries,"FRUITS, VEGETABLES AND NUTS"
Lotus Seed,"FRUITS, VEGETABLES AND NUTS"
Mahonia,"FRUITS, VEGETABLES AND NUTS"
Malt,"FRUITS, VEGETABLES AND NUTS"
Lucuma,"FRUITS, VEGETABLES AND NUTS"
Macadamia,"FRUITS, VEGETABLES AND NUTS"
Maninka,"FRUITS, VEGETABLES AND NUTS"
Mamey,"FRUITS, VEGETABLES AND NUTS"
Mango,"FRUITS, VEGETABLES AND NUTS"
Mangosteen,"FRUITS, VEGETABLES AND NUTS"
Maqui Berry,"FRUITS, VEGETABLES AND NUTS"
Marian Plum,"FRUITS, VEGETABLES AND NUTS"
Medlar,"FRUITS, VEGETABLES AND NUTS"
Melon,"FRUITS, VEGETABLES AND NUTS"
Miracle Berry,"FRUITS, VEGETABLES AND NUTS"
Millet,"FRUITS, VEGETABLES AND NUTS"
Mirabelle,"FRUITS, VEGETABLES AND NUTS"
Moepel Accord,"FRUITS, VEGETABLES AND NUTS"
Mulberry,"FRUITS, VEGETABLES AND NUTS"
Mung Beans,"FRUITS, VEGETABLES AND NUTS"
Mushroom,"FRUITS, VEGETABLES AND NUTS"
Mung Bean,"FRUITS, VEGETABLES AND NUTS"
Nashi Pear,"FRUITS, VEGETABLES AND NUTS"
Nectarine,"FRUITS, VEGETABLES AND NUTS"
Nutly Notes,"FRUITS, VEGETABLES AND NUTS"
Nalca,"FRUITS, VEGETABLES AND NUTS"
Passionfruit,"FRUITS, VEGETABLES AND NUTS"
Okra Seeds,"FRUITS, VEGETABLES AND NUTS"
Olive,"FRUITS, VEGETABLES AND NUTS"
Papaya,"FRUITS, VEGETABLES AND NUTS"
Peanut,"FRUITS, VEGETABLES AND NUTS"
Jeaddad uranuad,"FRUITS, VEGETABLES AND NUTS"
Persimmon,"FRUITS, VEGETABLES AND NUTS"
Pine Nuts,"FRUITS, VEGETABLES AND NUTS"
Pistachio,"FRUITS, VEGETABLES AND NUTS"
Pitahaya,"FRUITS, VEGETABLES AND NUTS"
Pineapple,"FRUITS, VEGETABLES AND NUTS"
Pinat Noir Grapes,"FRUITS, VEGETABLES AND NUTS"
Pitanga,"FRUITS, VEGETABLES AND NUTS"
Pomegranate,"FRUITS, VEGETABLES AND NUTS"
Plum,"FRUITS, VEGETABLES AND NUTS"
Plantain,"FRUITS, VEGETABLES AND NUTS"
Potato,"FRUITS, VEGETABLES AND NUTS"
Prickly Pear,"FRUITS, VEGETABLES AND NUTS"
Purple Yam,"FRUITS, VEGETABLES AND NUTS"
Pumpkin,"FRUITS, VEGETABLES AND NUTS"
Radish,"FRUITS, VEGETABLES AND NUTS"
eounb,"FRUITS, VEGETABLES AND NUTS"
Quandong Desert Peach,"FRUITS, VEGETABLES AND NUTS"
Quenepa,"FRUITS, VEGETABLES AND NUTS"
Raspberry,"FRUITS, VEGETABLES AND NUTS"
Red Apple,"FRUITS, VEGETABLES AND NUTS"
Rod Berries,"FRUITS, VEGETABLES AND NUTS"
Rambutan,"FRUITS, VEGETABLES AND NUTS"
Red Mulberry,"FRUITS, VEGETABLES AND NUTS"
Red Currant,"FRUITS, VEGETABLES AND NUTS"
Red Fruits,"FRUITS, VEGETABLES AND NUTS"
Red Fruits Smoothie,"FRUITS, VEGETABLES AND NUTS"
Rhubarb,"FRUITS, VEGETABLES AND NUTS"
Roasted Nuts,"FRUITS, VEGETABLES AND NUTS"
Rose Apple,"FRUITS, VEGETABLES AND NUTS"
Sapodilla,"FRUITS, VEGETABLES AND NUTS"
Salak,"FRUITS, VEGETABLES AND NUTS"
Santol,"FRUITS, VEGETABLES AND NUTS"
Sarsaparilla,"FRUITS, VEGETABLES AND NUTS"
Sea Buckthorn,"FRUITS, VEGETABLES AND NUTS"
Serrano Pepper,"FRUITS, VEGETABLES AND NUTS"
Seriguela,"FRUITS, VEGETABLES AND NUTS"
Shea Butter,"FRUITS, VEGETABLES AND NUTS"
Silverberry,"FRUITS, VEGETABLES AND NUTS"
Sour Cherry,"FRUITS, VEGETABLES AND NUTS"
Snowberry,"FRUITS, VEGETABLES AND NUTS"
Soursop,"FRUITS, VEGETABLES AND NUTS"
Star Apple,"FRUITS, VEGETABLES AND NUTS"
soybean,"FRUITS, VEGETABLES AND NUTS"
usenbs,"FRUITS, VEGETABLES AND NUTS"
Tomato,"FRUITS, VEGETABLES AND NUTS"
Tayberry,"FRUITS, VEGETABLES AND NUTS"
apioca,"FRUITS, VEGETABLES AND NUTS"
laro,"FRUITS, VEGETABLES AND NUTS"
Tropical Fruits,"FRUITS, VEGETABLES AND NUTS"
Tropicalone,"FRUITS, VEGETABLES AND NUTS"
Tucuma,"FRUITS, VEGETABLES AND NUTS"
Vegetal Notes,"FRUITS, VEGETABLES AND NUTS"
Walnut,"FRUITS, VEGETABLES AND NUTS"
Watermelon,"FRUITS, VEGETABLES AND NUTS"
Walnut Milk,"FRUITS, VEGETABLES AND NUTS"
Water Fruit,"FRUITS, VEGETABLES AND NUTS"
White Mulberry,"FRUITS, VEGETABLES AND NUTS"
White Currant,"FRUITS, VEGETABLES AND NUTS"
Wattleseed,"FRUITS, VEGETABLES AND NUTS"
White Grape,"FRUITS, VEGETABLES AND NUTS"
Wild Strawberry,"FRUITS, VEGETABLES AND NUTS"
Winterberry,"FRUITS, VEGETABLES AND NUTS"
Williams Pear,"FRUITS, VEGETABLES AND NUTS"
Wintermelon,"FRUITS, VEGETABLES AND NUTS"
Yellow Cherry,"FRUITS, VEGETABLES AND NUTS"
Wolfberry,"FRUITS, VEGETABLES AND NUTS"
Yuca Cassava,"FRUITS, VEGETABLES AND NUTS"
Yellow Fruits,"FRUITS, VEGETABLES AND NUTS"
Yumberry,"FRUITS, VEGETABLES AND NUTS"
Zucchini,"FRUITS, VEGETABLES AND NUTS"
Abelia,FLOWERS
African Marigold,FLOWERS
Acacia,FLOWERS
Acerola Blossom,FLOWERS
Alba Rose,FLOWERS
Aglaia,FLOWERS
Albizia,FLOWERS
Almond Blossom,FLOWERS
Alumreot,FLOWERS
Althaea,FLOWERS
Alpinia,FLOWERS
Alstroemeria,FLOWERS
Amethyst Flower,FLOWERS
Amarillys,FLOWERS
Alyssum,FLOWERS
AmazonMoonflower,FLOWERS
Apple Blossom,FLOWERS
Angers Trumpet,FLOWERS
Apricot Blosom,FLOWERS
Anemone,FLOWERS
Ashoka Flower,FLOWERS
Asian Clintonia,FLOWERS
Astragalus,FLOWERS
Azalea,FLOWERS
Baby's Breath,FLOWERS
Azteca Lily,FLOWERS
Banana Flower,FLOWERS
Banksia Australian,FLOWERS
Belladona,FLOWERS
Bellflower,FLOWERS
Bird cherry,FLOWERS
Black Currant Blossom,FLOWERS
Blackberry Blossom,FLOWERS
Blue Liles.,FLOWERS
Blue Pea Flower,FLOWERS
Blue Poppy,FLOWERS
Bottlebrush,FLOWERS
Beugainvillea,FLOWERS
Bouvardia,FLOWERS
Bread Flow,FLOWERS
Bromelia,FLOWERS
Buddleia,FLOWERS
Buttercup,FLOWERS
Butomus Umbellatus,FLOWERS
Cacao Blossom,FLOWERS
Calla Uly,FLOWERS
Cactus Blossom,FLOWERS
Calendula,FLOWERS
Camellia,FLOWERS
Jawely uod wey),FLOWERS
Cananga,FLOWERS
Cannonball Flower,FLOWERS
Canna flower,FLOWERS
Chamomlle,FLOWERS
Chai Hu,FLOWERS
Celosia,FLOWERS
Chimonanthus or,FLOWERS
Cherry Blossom,FLOWERS
China Rose,FLOWERS
Chinotto blossom,FLOWERS
Wintersweet,FLOWERS
Chrysanthemum,FLOWERS
Cistus Incanus,FLOWERS
Christmas Tree or Flame,FLOWERS
Chocolate Flower,FLOWERS
Tree,FLOWERS
Clover,FLOWERS
Clematis,FLOWERS
Coconut Blossom,FLOWERS
Coffee Blassom,FLOWERS
Corydalis,FLOWERS
Cornflower Sultan Seeds,FLOWERS
Coriander Flower,FLOWERS
Cotton Flower,FLOWERS
Creamy Flowers,FLOWERS
Costus,FLOWERS
Crinum Lily,FLOWERS
Cycamen,FLOWERS
Dahlia,FLOWERS
Cucumber Flower,FLOWERS
Dandelion,FLOWERS
Daphne,FLOWERS
Daylily,FLOWERS
Deadnettle,FLOWERS
Desert Rose,FLOWERS
Dianthus,FLOWERS
Diviniris,FLOWERS
Dried Rose,FLOWERS
Dove Tree,FLOWERS
Dyer's Greenweed,FLOWERS
Elderflower,FLOWERS
Eglantine Rose,FLOWERS
Edelweiss,FLOWERS
Encian,FLOWERS
Eustoma | Lisianthus,FLOWERS
Erigeron (Fleabane),FLOWERS
Euphorbia,FLOWERS
Evergreen,FLOWERS
Flamingo Flower,FLOWERS
Fire Lly,FLOWERS
Field Scabious,FLOWERS
Fig Blossom,FLOWERS
(Anthurium),FLOWERS
Fragonia,FLOWERS
Floral Notes,FLOWERS
Forget Me Not,FLOWERS
Fringed Pink,FLOWERS
French Marigold,FLOWERS
Fuchsia,FLOWERS
Garlic Blossom,FLOWERS
Gerbera,FLOWERS
Gladiolus,FLOWERS
Geranium,FLOWERS
Goldenrod,FLOWERS
Grapeflower,FLOWERS
Great Bumet,FLOWERS
Gorse,FLOWERS
Green Petals,FLOWERS
Green Tea Flower,FLOWERS
Grevillea,FLOWERS
Green Nard,FLOWERS
Guayacan,FLOWERS
Guava Blossom,FLOWERS
Gustavia Flower,FLOWERS
Hawthorn,FLOWERS
Hazel Elossom,FLOWERS
Hellabore Flower,FLOWERS
Heliotrope,FLOWERS
Heather,FLOWERS
Holly Flower,FLOWERS
Hemlock,FLOWERS
Hibiscus,FLOWERS
Hoary Stock,FLOWERS
Honeydew Blossom,FLOWERS
Hollyhock,FLOWERS
Honeybush or Cyclopia,FLOWERS
Hortensia,FLOWERS
Hoya Carmosa Wax Plant,FLOWERS
Hyacinth,FLOWERS
Impatiens,FLOWERS
Iris Butter,FLOWERS
Inula,FLOWERS
Iris Pallida,FLOWERS
Jade Flower,FLOWERS
Jasmine Orchid,FLOWERS
Jacaranda,FLOWERS
Jarana Flower,FLOWERS
Jujube Blossom,FLOWERS
Kanuka,FLOWERS
Kanzan Cherry,FLOWERS
KarmaflorB,FLOWERS
Kiwi blessom,FLOWERS
Kudzu,FLOWERS
Lady Slpper Ovchid,FLOWERS
Laburnum,FLOWERS
Lady of the Night Flower,FLOWERS
Lamduan Flower,FLOWERS
Larkspur,FLOWERS
Laurel Blossom,FLOWERS
Lamprocapnos,FLOWERS
Lantana,FLOWERS
Ledum,FLOWERS
Liatrix,FLOWERS
Lily-of-the-Valley,FLOWERS
Lotus,FLOWERS
Lime (Llinden) Blossom,FLOWERS
Litchi Blossom,FLOWERS
Longora,FLOWERS
Lydlia Broom,FLOWERS
Macadamia Flower,FLOWERS
Lyoylang,FLOWERS
Madonna Lily,FLOWERS
Magnolia,FLOWERS
Magnola Brookynenss,FLOWERS
Magnolia Leaf,FLOWERS
Mahonial,FLOWERS
Malva,FLOWERS
Mange Blossom,FLOWERS
Mariposa Lily,FLOWERS
Mellotus,FLOWERS
Melissa Fower,FLOWERS
Meadowsweet,FLOWERS
Mayflower,FLOWERS
Milkweeds,FLOWERS
Michela,FLOWERS
Michelia leaf,FLOWERS
Mignonette,FLOWERS
Mimosa,FLOWERS
Mimusops Elengi,FLOWERS
Mirabilis,FLOWERS
Monarda,FLOWERS
Moringa Blossom,FLOWERS
Moming Glory Flower,FLOWERS
Monoi Oil,FLOWERS
Mess Flex,FLOWERS
Narcissus,FLOWERS
Myrtle,FLOWERS
Nard,FLOWERS
Nasturtium,FLOWERS
Nigella,FLOWERS
Nectarine Blossom,FLOWERS
Nerium Oleander,FLOWERS
Nom Maew,FLOWERS
Olive flower,FLOWERS
Opium,FLOWERS
Orange Flower Water,FLOWERS
Orchard Blossom,FLOWERS
Orchid,FLOWERS
Orchid Black Diamond,FLOWERS
Orchid Pink Leopard,FLOWERS
Orchid Cactus,FLOWERS
Osmanthus milk,FLOWERS
Orris Root,FLOWERS
Omithogalum,FLOWERS
Osmanthus,FLOWERS
Papaya Blossom,FLOWERS
Passion Flower,FLOWERS
Paramela,FLOWERS
Pelargonium,FLOWERS
Pataqueira,FLOWERS
Peach Blossom,FLOWERS
Pear Blossom,FLOWERS
Plum Elossom,FLOWERS
Plumeria,FLOWERS
Poinsettia,FLOWERS
PopPy,FLOWERS
Portlandia,FLOWERS
Privet,FLOWERS
Protea,FLOWERS
Prunella,FLOWERS
Purple Coneflower,FLOWERS
Redwood Flower,FLOWERS
Rangoon Creeper,FLOWERS
Queen of the Night Flower,FLOWERS
Raspberry Blossom,FLOWERS
Rosa Rubiginosa,FLOWERS
Reseda,FLOWERS
Rhododendron,FLOWERS
Rosa Alba,FLOWERS
Rose Hip,FLOWERS
Rose Mallow,FLOWERS
Rove Japanese,FLOWERS
Rose,FLOWERS
(Hamanasu),FLOWERS
Rosebay Willewherb,FLOWERS
Rosebud,FLOWERS
Rosyfolia,FLOWERS
Roselle,FLOWERS
Safflor,FLOWERS
Sainfoir,FLOWERS
A pues,FLOWERS
Sea Daffodil,FLOWERS
Santolina,FLOWERS
Saucer Magnolia,FLOWERS
Skeleton Flower,FLOWERS
Smoketree,FLOWERS
Silk Tree Blossom,FLOWERS
Silverthorn Flower,FLOWERS
Snakeroot,FLOWERS
Snow Lotus,FLOWERS
Solomon's Seal,FLOWERS
sdopwous,FLOWERS
Spanish Broom,FLOWERS
Sophora Toromiro Flower,FLOWERS
Sour Cherry Blossom,FLOWERS
Spiraea,FLOWERS
St. John's Wort,FLOWERS
Star Magnolia,FLOWERS
Starflower,FLOWERS
Strawberry Flower,FLOWERS
Strobilanthes Callosa,FLOWERS
Strelitzia,FLOWERS
Sunflower,FLOWERS
Sweet Pea,FLOWERS
Taif Rose,FLOWERS
Transparent Flowers,FLOWERS
Tobucco Blossom,FLOWERS
Tamarisk,FLOWERS
Vanilla Bahiana,FLOWERS
Trillum,FLOWERS
Tussilago farfara,FLOWERS
Tulip,FLOWERS
Viclet,FLOWERS
Vialet Woodsomel,FLOWERS
Viburnum,FLOWERS
Water Flowers,FLOWERS
Wallflower,FLOWERS
Waratah,FLOWERS
Water Hyacinth,FLOWERS
White Champaca,FLOWERS
Water Lily,FLOWERS
White Dahlia,FLOWERS
Wildffowers,FLOWERS
White Ginger Lily,FLOWERS
White Tea Blossom,FLOWERS
White Lace Flowwer,FLOWERS
Yellow Bells,FLOWERS
Winter Daphne,FLOWERS
Wisteria,FLOWERS
Yellow Flowers,FLOWERS
Yang-Ylang,FLOWERS
Yunnan Osmanthus,FLOWERS
Yuzu Flower,FLOWERS
Zinnia,FLOWERS
Black Locust,WHITE FLOWERS
Arum Lily,WHITE FLOWERS
Belanis,WHITE FLOWERS
Boronia,WHITE FLOWERS
Datura,WHITE FLOWERS
Gardenia,WHITE FLOWERS
Frangipani,WHITE FLOWERS
Carissa,WHITE FLOWERS
Honeysuckle,WHITE FLOWERS
Grapefru't Blossom,WHITE FLOWERS
Jasmine,WHITE FLOWERS
Karo-Karounde,WHITE FLOWERS
Mandarin Orange Blet,WHITE FLOWERS
Melati,WHITE FLOWERS
Lemon Blossom,WHITE FLOWERS
som,WHITE FLOWERS
Mock Orange,WHITE FLOWERS
Night Blooming Cereus,WHITE FLOWERS
Moon Flower,WHITE FLOWERS
Orange Blossom,WHITE FLOWERS
Tangerine Blossom,WHITE FLOWERS
Stephanotis,WHITE FLOWERS
Tiare Flower,WHITE FLOWERS
Tuberose,WHITE FLOWERS
White Tobacco,WHITE FLOWERS
Achillea Olympus,"GREENS, HERBS AND FOUGERES"
Acronychia pedunculata,"GREENS, HERBS AND FOUGERES"
Algae,"GREENS, HERBS AND FOUGERES"
Agave,"GREENS, HERBS AND FOUGERES"
Almaciga,"GREENS, HERBS AND FOUGERES"
Albe Vera,"GREENS, HERBS AND FOUGERES"
Ammophila (BeachGrass),"GREENS, HERBS AND FOUGERES"
Angelica,"GREENS, HERBS AND FOUGERES"
Apple Mint,"GREENS, HERBS AND FOUGERES"
Aromatie Notes,"GREENS, HERBS AND FOUGERES"
Arnica,"GREENS, HERBS AND FOUGERES"
Angelica Root,"GREENS, HERBS AND FOUGERES"
Asparagus,"GREENS, HERBS AND FOUGERES"
Artemisia,"GREENS, HERBS AND FOUGERES"
Assam Tea,"GREENS, HERBS AND FOUGERES"
Avocado,"GREENS, HERBS AND FOUGERES"
Azolla Water Ferm),"GREENS, HERBS AND FOUGERES"
Barley,"GREENS, HERBS AND FOUGERES"
Bagas de Zim bro,"GREENS, HERBS AND FOUGERES"
Banana Leaf,"GREENS, HERBS AND FOUGERES"
Bay Essence,"GREENS, HERBS AND FOUGERES"
Beachheather,"GREENS, HERBS AND FOUGERES"
Basil,"GREENS, HERBS AND FOUGERES"
Behini Tree,"GREENS, HERBS AND FOUGERES"
Bigarane,"GREENS, HERBS AND FOUGERES"
Betel Leaf,"GREENS, HERBS AND FOUGERES"
Black Currant Leaf,"GREENS, HERBS AND FOUGERES"
Blackberry Leaf,"GREENS, HERBS AND FOUGERES"
Borage,"GREENS, HERBS AND FOUGERES"
Blonde Tobacco,"GREENS, HERBS AND FOUGERES"
Blue Bugle,"GREENS, HERBS AND FOUGERES"
Buckwhest,"GREENS, HERBS AND FOUGERES"
Bran,"GREENS, HERBS AND FOUGERES"
Buchu or Agathosma,"GREENS, HERBS AND FOUGERES"
Bomeol,"GREENS, HERBS AND FOUGERES"
Buckwheat Tea,"GREENS, HERBS AND FOUGERES"
Bulrush,"GREENS, HERBS AND FOUGERES"
Burdock,"GREENS, HERBS AND FOUGERES"
Calamus,"GREENS, HERBS AND FOUGERES"
suuele,"GREENS, HERBS AND FOUGERES"
Cactus,"GREENS, HERBS AND FOUGERES"
Cangzhu,"GREENS, HERBS AND FOUGERES"
Cedar Leavos,"GREENS, HERBS AND FOUGERES"
Celery,"GREENS, HERBS AND FOUGERES"
Catnip,"GREENS, HERBS AND FOUGERES"
Cedar Roots,"GREENS, HERBS AND FOUGERES"
Celery Seeds,"GREENS, HERBS AND FOUGERES"
Chaparral,"GREENS, HERBS AND FOUGERES"
Cherry Leaf,"GREENS, HERBS AND FOUGERES"
Centella Asiatica,"GREENS, HERBS AND FOUGERES"
Chicory,"GREENS, HERBS AND FOUGERES"
Chlorophyll,"GREENS, HERBS AND FOUGERES"
Chinese Medicinal Herbs,"GREENS, HERBS AND FOUGERES"
Chive,"GREENS, HERBS AND FOUGERES"
Chuan Xiong,"GREENS, HERBS AND FOUGERES"
Clary Sage,"GREENS, HERBS AND FOUGERES"
Cilantro,"GREENS, HERBS AND FOUGERES"
Citron Leaf,"GREENS, HERBS AND FOUGERES"
Crithmum,"GREENS, HERBS AND FOUGERES"
Coleus,"GREENS, HERBS AND FOUGERES"
Coca,"GREENS, HERBS AND FOUGERES"
Culantro,"GREENS, HERBS AND FOUGERES"
Dried Fallen Leaves,"GREENS, HERBS AND FOUGERES"
Davana,"GREENS, HERBS AND FOUGERES"
Deer Tongue Grass,"GREENS, HERBS AND FOUGERES"
Duck Poo Qolong,"GREENS, HERBS AND FOUGERES"
Earl Grey Tea,"GREENS, HERBS AND FOUGERES"
Ferrmwnted Tea,"GREENS, HERBS AND FOUGERES"
Fern,"GREENS, HERBS AND FOUGERES"
Fo Ti (Ho Shou Wu),"GREENS, HERBS AND FOUGERES"
Forest Foliage,"GREENS, HERBS AND FOUGERES"
Flouve,"GREENS, HERBS AND FOUGERES"
Fougere Accord,"GREENS, HERBS AND FOUGERES"
Fresh Evergreen,"GREENS, HERBS AND FOUGERES"
Fresh note,"GREENS, HERBS AND FOUGERES"
Frostwood,"GREENS, HERBS AND FOUGERES"
Gajumaru Banyan,"GREENS, HERBS AND FOUGERES"
Galbanum,"GREENS, HERBS AND FOUGERES"
Garlic,"GREENS, HERBS AND FOUGERES"
cha,"GREENS, HERBS AND FOUGERES"
(Zdravetz),"GREENS, HERBS AND FOUGERES"
Ginkgo,"GREENS, HERBS AND FOUGERES"
Gingergra4s,"GREENS, HERBS AND FOUGERES"
Grape Leaves,"GREENS, HERBS AND FOUGERES"
Green Chilli,"GREENS, HERBS AND FOUGERES"
Grass,"GREENS, HERBS AND FOUGERES"
Green Branches,"GREENS, HERBS AND FOUGERES"
Green Forest,"GREENS, HERBS AND FOUGERES"
Green Pepper,"GREENS, HERBS AND FOUGERES"
Green Notes,"GREENS, HERBS AND FOUGERES"
Green Sap,"GREENS, HERBS AND FOUGERES"
Gromwe,"GREENS, HERBS AND FOUGERES"
Hat Straw,"GREENS, HERBS AND FOUGERES"
Guao or Maiden Plum,"GREENS, HERBS AND FOUGERES"
Heps,"GREENS, HERBS AND FOUGERES"
Hojicha,"GREENS, HERBS AND FOUGERES"
Henna,"GREENS, HERBS AND FOUGERES"
Huang Lian,"GREENS, HERBS AND FOUGERES"
Immortelle,"GREENS, HERBS AND FOUGERES"
Jambu,"GREENS, HERBS AND FOUGERES"
Jatamansi or Spikenard,"GREENS, HERBS AND FOUGERES"
Jojoba,"GREENS, HERBS AND FOUGERES"
Jin Xuan Tea Leaves,"GREENS, HERBS AND FOUGERES"
Juniper,"GREENS, HERBS AND FOUGERES"
Katrafay,"GREENS, HERBS AND FOUGERES"
Katsura Leaf,"GREENS, HERBS AND FOUGERES"
Keemun Tea,"GREENS, HERBS AND FOUGERES"
Khella,"GREENS, HERBS AND FOUGERES"
Lantana leaf,"GREENS, HERBS AND FOUGERES"
Laurissilva Forest,"GREENS, HERBS AND FOUGERES"
Lettuce,"GREENS, HERBS AND FOUGERES"
Lapsang Souchong Tea,"GREENS, HERBS AND FOUGERES"
Linaloe Berry,"GREENS, HERBS AND FOUGERES"
Lishan Tea,"GREENS, HERBS AND FOUGERES"
Lily-of-the-Valley Leaves,"GREENS, HERBS AND FOUGERES"
Limnophila Aromatica,"GREENS, HERBS AND FOUGERES"
Lovage Root,"GREENS, HERBS AND FOUGERES"
Ma-Kwaen,"GREENS, HERBS AND FOUGERES"
Mandrake,"GREENS, HERBS AND FOUGERES"
Longjing Tea,"GREENS, HERBS AND FOUGERES"
Marigold,"GREENS, HERBS AND FOUGERES"
Marjoram,"GREENS, HERBS AND FOUGERES"
Mate,"GREENS, HERBS AND FOUGERES"
Melilot or Sweet Clover,"GREENS, HERBS AND FOUGERES"
Menthol,"GREENS, HERBS AND FOUGERES"
Mimosa Leaves,"GREENS, HERBS AND FOUGERES"
Mint,"GREENS, HERBS AND FOUGERES"
Mugwort,"GREENS, HERBS AND FOUGERES"
Mistletoe,"GREENS, HERBS AND FOUGERES"
Nettle,"GREENS, HERBS AND FOUGERES"
Oak Leaves,"GREENS, HERBS AND FOUGERES"
Nut Grass,"GREENS, HERBS AND FOUGERES"
Olive Leaf,"GREENS, HERBS AND FOUGERES"
Oat,"GREENS, HERBS AND FOUGERES"
Orchid Leaf,"GREENS, HERBS AND FOUGERES"
Olymra plant accord,"GREENS, HERBS AND FOUGERES"
Qolong Tea,"GREENS, HERBS AND FOUGERES"
Oregano,"GREENS, HERBS AND FOUGERES"
Palmarosa,"GREENS, HERBS AND FOUGERES"
Pandanus,"GREENS, HERBS AND FOUGERES"
Palm Leaf,"GREENS, HERBS AND FOUGERES"
Pandan Leaf,"GREENS, HERBS AND FOUGERES"
Peach Leaf,"GREENS, HERBS AND FOUGERES"
Parsley,"GREENS, HERBS AND FOUGERES"
Pear Leaf,"GREENS, HERBS AND FOUGERES"
Pennyroyal,"GREENS, HERBS AND FOUGERES"
Peyote,"GREENS, HERBS AND FOUGERES"
Petrichor,"GREENS, HERBS AND FOUGERES"
Pesto,"GREENS, HERBS AND FOUGERES"
Portulaca or Pigweed,"GREENS, HERBS AND FOUGERES"
Physcool8,"GREENS, HERBS AND FOUGERES"
Posidonia,"GREENS, HERBS AND FOUGERES"
Purslane,"GREENS, HERBS AND FOUGERES"
Powdered Leaf,"GREENS, HERBS AND FOUGERES"
Pu'er Tea,"GREENS, HERBS AND FOUGERES"
Red Algue,"GREENS, HERBS AND FOUGERES"
Raspberry leaf,"GREENS, HERBS AND FOUGERES"
Rice,"GREENS, HERBS AND FOUGERES"
Rose Thom,"GREENS, HERBS AND FOUGERES"
Rooibos Red Tea,"GREENS, HERBS AND FOUGERES"
Roots,"GREENS, HERBS AND FOUGERES"
Rose Leaf,"GREENS, HERBS AND FOUGERES"
Rosemary,"GREENS, HERBS AND FOUGERES"
Rosev,"GREENS, HERBS AND FOUGERES"
Rue,"GREENS, HERBS AND FOUGERES"
Ros,"GREENS, HERBS AND FOUGERES"
Rumve,"GREENS, HERBS AND FOUGERES"
Sabah Snake Grass,"GREENS, HERBS AND FOUGERES"
Sage,"GREENS, HERBS AND FOUGERES"
Satureja,"GREENS, HERBS AND FOUGERES"
Samphire,"GREENS, HERBS AND FOUGERES"
Saw Palmetto,"GREENS, HERBS AND FOUGERES"
Siriuba Tree,"GREENS, HERBS AND FOUGERES"
Sideritis Mountain Tea,"GREENS, HERBS AND FOUGERES"
Silk Vine or Milk Broom,"GREENS, HERBS AND FOUGERES"
Shiso,"GREENS, HERBS AND FOUGERES"
Skunk Cabbage,"GREENS, HERBS AND FOUGERES"
Snake Plant,"GREENS, HERBS AND FOUGERES"
Speermint,"GREENS, HERBS AND FOUGERES"
Spinach,"GREENS, HERBS AND FOUGERES"
Strawberry Gum,"GREENS, HERBS AND FOUGERES"
Strawberry Leaf,"GREENS, HERBS AND FOUGERES"
Stems Greens,"GREENS, HERBS AND FOUGERES"
Sugandha Kolkila,"GREENS, HERBS AND FOUGERES"
Strawberry Plant,"GREENS, HERBS AND FOUGERES"
Swartzia,"GREENS, HERBS AND FOUGERES"
Sundew,"GREENS, HERBS AND FOUGERES"
Sweet Grass,"GREENS, HERBS AND FOUGERES"
Tansy,"GREENS, HERBS AND FOUGERES"
Tarragon,"GREENS, HERBS AND FOUGERES"
Terebinth Tree,"GREENS, HERBS AND FOUGERES"
Thistle,"GREENS, HERBS AND FOUGERES"
Thymo,"GREENS, HERBS AND FOUGERES"
Ti Leaf (Cordyline),"GREENS, HERBS AND FOUGERES"
Tobacco,"GREENS, HERBS AND FOUGERES"
Tomato Leaf,"GREENS, HERBS AND FOUGERES"
Torreya,"GREENS, HERBS AND FOUGERES"
Trees,"GREENS, HERBS AND FOUGERES"
Tulsi,"GREENS, HERBS AND FOUGERES"
Tumnera Diffusa (Damiana),"GREENS, HERBS AND FOUGERES"
Tumblew,"GREENS, HERBS AND FOUGERES"
Vanilla Leawes,"GREENS, HERBS AND FOUGERES"
Valerian,"GREENS, HERBS AND FOUGERES"
Whest,"GREENS, HERBS AND FOUGERES"
Viclet Leaf,"GREENS, HERBS AND FOUGERES"
Water Lily Leaf,"GREENS, HERBS AND FOUGERES"
White Meranti,"GREENS, HERBS AND FOUGERES"
Wild garlis leaf,"GREENS, HERBS AND FOUGERES"
Wlow-Leaved,"GREENS, HERBS AND FOUGERES"
Wintergreen,"GREENS, HERBS AND FOUGERES"
Winter Tea,"GREENS, HERBS AND FOUGERES"
Woodruff or Galium,"GREENS, HERBS AND FOUGERES"
Wormwood,"GREENS, HERBS AND FOUGERES"
Odoratum,"GREENS, HERBS AND FOUGERES"
Yarrow,"GREENS, HERBS AND FOUGERES"
Yunnan Red Tea,"GREENS, HERBS AND FOUGERES"
Allspice,SPICES
Anise,SPICES
Baking Spices,SPICES
Asafoetida,SPICES
Black Sesame,SPICES
Bengal Pepper,SPICES
Biryarl,SPICES
Bay Leaf,SPICES
Cardamom,SPICES
Carolina Reaper,SPICES
Carum,SPICES
Clove Leaf,SPICES
Cinnamon Leaf,SPICES
Loffee,SPICES
Coffee Tincture,SPICES
Coffee CO2,SPICES
Coriander,SPICES
Curry,SPICES
Cumin,SPICES
Curcuma (Turmeric),SPICES
Curry Tree,SPICES
Galanga,SPICES
Fenugreek,SPICES
Dill,SPICES
Guinea Pepper,SPICES
Ghost Pepper,SPICES
Ginger,SPICES
Green Coffee,SPICES
Japanese Pepper,SPICES
Indian Spices,SPICES
Kaempferia Galanga,SPICES
Kopi LuwakCoffee,SPICES
Mustard Seed,SPICES
Nutmeg,SPICES
Licorice,SPICES
Qily Nates,SPICES
Oriental Notes,SPICES
pertree,SPICES
Pimento Seeds,SPICES
Pink Pepper,SPICES
Pimento,SPICES
Pimento Leaf,SPICES
Saffren,SPICES
Safraleine,SPICES
Sesame,SPICES
Siam Cardamom,SPICES
Spicy Notes,SPICES
Sumac,SPICES
Star Anise,SPICES
Tamarind,SPICES
Timur,SPICES
Ultravanil*,SPICES
Vanilla,SPICES
Tonka Bean,SPICES
Toscanol,SPICES
West Indian Bay,SPICES
Wan Sao Lhaong,SPICES
Water Pepper,SPICES
Wasabi,SPICES
Affogato,SWEETS AND GOURMAND SMELLS
Acetyl Furan,SWEETS AND GOURMAND SMELLS
Agave Nectar,SWEETS AND GOURMAND SMELLS
Apple liquor,SWEETS AND GOURMAND SMELLS
Apple Ple,SWEETS AND GOURMAND SMELLS
Apricot Jam,SWEETS AND GOURMAND SMELLS
Baba (Italian dessert),SWEETS AND GOURMAND SMELLS
Aspic,SWEETS AND GOURMAND SMELLS
Baknd Apple,SWEETS AND GOURMAND SMELLS
Bakod Pear,SWEETS AND GOURMAND SMELLS
Baklava,SWEETS AND GOURMAND SMELLS
Baguetto,SWEETS AND GOURMAND SMELLS
Blueberry Jam,SWEETS AND GOURMAND SMELLS
Banana Bread,SWEETS AND GOURMAND SMELLS
Biscuit,SWEETS AND GOURMAND SMELLS
Biscotti,SWEETS AND GOURMAND SMELLS
Brioche,SWEETS AND GOURMAND SMELLS
Boba,SWEETS AND GOURMAND SMELLS
Bulbble Gum,SWEETS AND GOURMAND SMELLS
Brown Sugar,SWEETS AND GOURMAND SMELLS
Bubbaloo,SWEETS AND GOURMAND SMELLS
Brownie,SWEETS AND GOURMAND SMELLS
Burnt Sugar,SWEETS AND GOURMAND SMELLS
Butter,SWEETS AND GOURMAND SMELLS
Buttercream,SWEETS AND GOURMAND SMELLS
Butterscotch,SWEETS AND GOURMAND SMELLS
Candied Flowers,SWEETS AND GOURMAND SMELLS
Cacao Butter,SWEETS AND GOURMAND SMELLS
Cake,SWEETS AND GOURMAND SMELLS
Calissons d'Abt,SWEETS AND GOURMAND SMELLS
Candied Fruits,SWEETS AND GOURMAND SMELLS
Candied Ginger,SWEETS AND GOURMAND SMELLS
Candied Lemon,SWEETS AND GOURMAND SMELLS
Candied Orange,SWEETS AND GOURMAND SMELLS
Candies,SWEETS AND GOURMAND SMELLS
Canele,SWEETS AND GOURMAND SMELLS
Candy apple,SWEETS AND GOURMAND SMELLS
Caramelized Almond,SWEETS AND GOURMAND SMELLS
Cassata SiciTiana,SWEETS AND GOURMAND SMELLS
Chamallow,SWEETS AND GOURMAND SMELLS
Cereal,SWEETS AND GOURMAND SMELLS
Cherry Syrup,SWEETS AND GOURMAND SMELLS
Cherry Milk,SWEETS AND GOURMAND SMELLS
Chantilly Cream,SWEETS AND GOURMAND SMELLS
Cheesecake,SWEETS AND GOURMAND SMELLS
Chocolate Sauce,SWEETS AND GOURMAND SMELLS
Chocolate Fudge,SWEETS AND GOURMAND SMELLS
Choux Pastry,SWEETS AND GOURMAND SMELLS
Chocolate Truffle,SWEETS AND GOURMAND SMELLS
"Cocoa Pulse""",SWEETS AND GOURMAND SMELLS
Coconut Powder,SWEETS AND GOURMAND SMELLS
Churros,SWEETS AND GOURMAND SMELLS
Coconut Pie,SWEETS AND GOURMAND SMELLS
Confetti (Sugared,SWEETS AND GOURMAND SMELLS
Condensed Milk,SWEETS AND GOURMAND SMELLS
Cone Waffle,SWEETS AND GOURMAND SMELLS
Cookie,SWEETS AND GOURMAND SMELLS
Almands),SWEETS AND GOURMAND SMELLS
Cookie Dough,SWEETS AND GOURMAND SMELLS
"Cosmofruit"" (IFF)",SWEETS AND GOURMAND SMELLS
Cotton Candy,SWEETS AND GOURMAND SMELLS
Cream,SWEETS AND GOURMAND SMELLS
Cream Cheese Frosting,SWEETS AND GOURMAND SMELLS
Creamsicle,SWEETS AND GOURMAND SMELLS
Creme Brolee,SWEETS AND GOURMAND SMELLS
Creamy notes,SWEETS AND GOURMAND SMELLS
Crispy Roll,SWEETS AND GOURMAND SMELLS
Custard,SWEETS AND GOURMAND SMELLS
Croissant,SWEETS AND GOURMAND SMELLS
Cupcake,SWEETS AND GOURMAND SMELLS
Danish pastry,SWEETS AND GOURMAND SMELLS
Dark Chocolate,SWEETS AND GOURMAND SMELLS
CzechChristmasCookies,SWEETS AND GOURMAND SMELLS
(Linecke),SWEETS AND GOURMAND SMELLS
Dates,SWEETS AND GOURMAND SMELLS
Dragee,SWEETS AND GOURMAND SMELLS
Donut or Doug hnut,SWEETS AND GOURMAND SMELLS
Dorayaki,SWEETS AND GOURMAND SMELLS
Dragibus,SWEETS AND GOURMAND SMELLS
Dulce de Leche,SWEETS AND GOURMAND SMELLS
Eggnog,SWEETS AND GOURMAND SMELLS
Gelatin,SWEETS AND GOURMAND SMELLS
French Pastries,SWEETS AND GOURMAND SMELLS
Frosting [Glace],SWEETS AND GOURMAND SMELLS
Fresh Cream,SWEETS AND GOURMAND SMELLS
Gelato,SWEETS AND GOURMAND SMELLS
Gianduia,SWEETS AND GOURMAND SMELLS
Goumand Accord,SWEETS AND GOURMAND SMELLS
Gingerbread,SWEETS AND GOURMAND SMELLS
Graham Crackers,SWEETS AND GOURMAND SMELLS
Griotte Cherries,SWEETS AND GOURMAND SMELLS
Halva,SWEETS AND GOURMAND SMELLS
Ham,SWEETS AND GOURMAND SMELLS
Hazelnut Cocoa Spread,SWEETS AND GOURMAND SMELLS
Honey,SWEETS AND GOURMAND SMELLS
Honeycomb,SWEETS AND GOURMAND SMELLS
Horchata,SWEETS AND GOURMAND SMELLS
Ice cream,SWEETS AND GOURMAND SMELLS
Icing Pink,SWEETS AND GOURMAND SMELLS
Jelly,SWEETS AND GOURMAND SMELLS
Kiwi Jam,SWEETS AND GOURMAND SMELLS
Jujube,SWEETS AND GOURMAND SMELLS
Jellybean,SWEETS AND GOURMAND SMELLS
Fermented Rice Wine),SWEETS AND GOURMAND SMELLS
Kulfi,SWEETS AND GOURMAND SMELLS
Knafeh,SWEETS AND GOURMAND SMELLS
Lemon Meringue Pie,SWEETS AND GOURMAND SMELLS
Kunafa,SWEETS AND GOURMAND SMELLS
Loukhoum,SWEETS AND GOURMAND SMELLS
Lollipop,SWEETS AND GOURMAND SMELLS
Macarons,SWEETS AND GOURMAND SMELLS
Lemon Pie,SWEETS AND GOURMAND SMELLS
Maraschino Cherry,SWEETS AND GOURMAND SMELLS
Madeleine,SWEETS AND GOURMAND SMELLS
Maple Syrup,SWEETS AND GOURMAND SMELLS
Marmalado,SWEETS AND GOURMAND SMELLS
Meringues,SWEETS AND GOURMAND SMELLS
Marron Glace,SWEETS AND GOURMAND SMELLS
Marshmallow,SWEETS AND GOURMAND SMELLS
Marzipan,SWEETS AND GOURMAND SMELLS
Milk Cream,SWEETS AND GOURMAND SMELLS
Milk Candy,SWEETS AND GOURMAND SMELLS
Milk Mousse,SWEETS AND GOURMAND SMELLS
Milkshake,SWEETS AND GOURMAND SMELLS
Milly Coffe,SWEETS AND GOURMAND SMELLS
Mochi,SWEETS AND GOURMAND SMELLS
Muscovado,SWEETS AND GOURMAND SMELLS
Nectar,SWEETS AND GOURMAND SMELLS
Nutella,SWEETS AND GOURMAND SMELLS
Qatmilk,SWEETS AND GOURMAND SMELLS
Orange Gelato,SWEETS AND GOURMAND SMELLS
Orange Marmalsde,SWEETS AND GOURMAND SMELLS
Jefns wjed,SWEETS AND GOURMAND SMELLS
Pan de Muerto,SWEETS AND GOURMAND SMELLS
Pan Di Spagna,SWEETS AND GOURMAND SMELLS
Pandore,SWEETS AND GOURMAND SMELLS
Pancake,SWEETS AND GOURMAND SMELLS
Panettone,SWEETS AND GOURMAND SMELLS
Panna Cotta,SWEETS AND GOURMAND SMELLS
Peach Cresm,SWEETS AND GOURMAND SMELLS
Pastiera Napoletana,SWEETS AND GOURMAND SMELLS
Pesnut Butter,SWEETS AND GOURMAND SMELLS
Pistachio Spread Cream,SWEETS AND GOURMAND SMELLS
Popsicle,SWEETS AND GOURMAND SMELLS
Pear lce Cream,SWEETS AND GOURMAND SMELLS
Powdered Sugar,SWEETS AND GOURMAND SMELLS
Prafiterole,SWEETS AND GOURMAND SMELLS
Praline,SWEETS AND GOURMAND SMELLS
Pretzel,SWEETS AND GOURMAND SMELLS
Pudding,SWEETS AND GOURMAND SMELLS
Pulff Pastry,SWEETS AND GOURMAND SMELLS
Pumpkin Pie,SWEETS AND GOURMAND SMELLS
Rainbow Sorbet,SWEETS AND GOURMAND SMELLS
Red Fruits Sorbet,SWEETS AND GOURMAND SMELLS
Rice Pudding,SWEETS AND GOURMAND SMELLS
Rice Cake,SWEETS AND GOURMAND SMELLS
Raspberry Macaron,SWEETS AND GOURMAND SMELLS
Salted Butter,SWEETS AND GOURMAND SMELLS
Rose Millk,SWEETS AND GOURMAND SMELLS
Sacher Torte,SWEETS AND GOURMAND SMELLS
Rose Jam,SWEETS AND GOURMAND SMELLS
Salted Caramel Fudge,SWEETS AND GOURMAND SMELLS
Salted Egg Yolk,SWEETS AND GOURMAND SMELLS
Salted Caramel,SWEETS AND GOURMAND SMELLS
Scone,SWEETS AND GOURMAND SMELLS
Soufle,SWEETS AND GOURMAND SMELLS
Shorterust Pastry,SWEETS AND GOURMAND SMELLS
Sorbet,SWEETS AND GOURMAND SMELLS
Sour Cream,SWEETS AND GOURMAND SMELLS
JeBns unds,SWEETS AND GOURMAND SMELLS
Starburst Candy,SWEETS AND GOURMAND SMELLS
soojnoads,SWEETS AND GOURMAND SMELLS
sapuudss,SWEETS AND GOURMAND SMELLS
Strawberry S'mores,SWEETS AND GOURMAND SMELLS
Strawbarry Yogurt,SWEETS AND GOURMAND SMELLS
Strawberry Fizz Candy,SWEETS AND GOURMAND SMELLS
Sugar cookie,SWEETS AND GOURMAND SMELLS
Sugar Candy,SWEETS AND GOURMAND SMELLS
Sugar Syrup,SWEETS AND GOURMAND SMELLS
Sugar,SWEETS AND GOURMAND SMELLS
Tarte Tatin,SWEETS AND GOURMAND SMELLS
SweetPie,SWEETS AND GOURMAND SMELLS
Tartine,SWEETS AND GOURMAND SMELLS
Tanghulu,SWEETS AND GOURMAND SMELLS
Toatted Coconut,SWEETS AND GOURMAND SMELLS
Toasted Riee,SWEETS AND GOURMAND SMELLS
Tiramisu,SWEETS AND GOURMAND SMELLS
Toast,SWEETS AND GOURMAND SMELLS
Toffe,SWEETS AND GOURMAND SMELLS
Tres Leches,SWEETS AND GOURMAND SMELLS
Tropezienne Tarte,SWEETS AND GOURMAND SMELLS
Tupig,SWEETS AND GOURMAND SMELLS
Vanilla Macaroon,WOODS AND MOSSES
Vanila Sauce,WOODS AND MOSSES
Ube,WOODS AND MOSSES
Waffle,WOODS AND MOSSES
White Chocolate Truffle,WOODS AND MOSSES
Whoopie Pie,WOODS AND MOSSES
White Chocolate,WOODS AND MOSSES
Zefir,WOODS AND MOSSES
fogurt,WOODS AND MOSSES
Akigalawood,WOODS AND MOSSES
Agarwood (Oud),WOODS AND MOSSES
Alder,WOODS AND MOSSES
Almond tree,WOODS AND MOSSES
Amaranth,WOODS AND MOSSES
Amberever,WOODS AND MOSSES
Amburana Bark,WOODS AND MOSSES
Amburana Wood,WOODS AND MOSSES
AryTis,WOODS AND MOSSES
Araucaria,WOODS AND MOSSES
Apricot Wood,WOODS AND MOSSES
Apple Tree,WOODS AND MOSSES
Arbutus (Madrona,WOODS AND MOSSES
Aspen,WOODS AND MOSSES
Argan Tree,WOODS AND MOSSES
Bearberry Tre),WOODS AND MOSSES
Australian Oud,WOODS AND MOSSES
Australfan Blue Cypress,WOODS AND MOSSES
Baobab,WOODS AND MOSSES
Bamboo,WOODS AND MOSSES
Belambra Tree,WOODS AND MOSSES
Bark,WOODS AND MOSSES
Birch,WOODS AND MOSSES
Beech,WOODS AND MOSSES
Black Hemlock or Tsuga,WOODS AND MOSSES
Black Spruce,WOODS AND MOSSES
Blonde Woods,WOODS AND MOSSES
Blackwood,WOODS AND MOSSES
Buntus,WOODS AND MOSSES
Buddha Weod,WOODS AND MOSSES
Cabreuva,WOODS AND MOSSES
Brazilan Reseweod,WOODS AND MOSSES
Cambodian Oud,WOODS AND MOSSES
Canadian Balsam,WOODS AND MOSSES
Carob Tree,WOODS AND MOSSES
Cascarilla,WOODS AND MOSSES
Cashmir wood,WOODS AND MOSSES
Cedar,WOODS AND MOSSES
Chalocd Bark,WOODS AND MOSSES
Charred Wood,WOODS AND MOSSES
Chery Tree,WOODS AND MOSSES
Chinese Oud,WOODS AND MOSSES
Chypre Notes,WOODS AND MOSSES
Colfee Tree,WOODS AND MOSSES
Cocobolo,WOODS AND MOSSES
Cork,WOODS AND MOSSES
Coconut Tree,WOODS AND MOSSES
Cypriol Oil or Nagarmotha,WOODS AND MOSSES
Cottonwood (Poplar),WOODS AND MOSSES
Dark Patchouli,WOODS AND MOSSES
Cypress,WOODS AND MOSSES
Ditax wood,WOODS AND MOSSES
Dartanolb,WOODS AND MOSSES
Desert Sagebrush,WOODS AND MOSSES
Dry Wood,WOODS AND MOSSES
Ebony Tree,WOODS AND MOSSES
Ducke,WOODS AND MOSSES
Eucalyptus,WOODS AND MOSSES
Fig tree,WOODS AND MOSSES
False Cypress,WOODS AND MOSSES
Ghaf tree,WOODS AND MOSSES
Gaharu Buaya,WOODS AND MOSSES
Grass Tree,WOODS AND MOSSES
Himalayan Cedar,WOODS AND MOSSES
Guaiac Wood,WOODS AND MOSSES
H'noki Wood,WOODS AND MOSSES
Indian Oud,WOODS AND MOSSES
Indian Sandahwood,WOODS AND MOSSES
Ho Wood,WOODS AND MOSSES
Indian Woods,WOODS AND MOSSES
Indonesian Oud,WOODS AND MOSSES
lronwood,WOODS AND MOSSES
Kanya Rosewood,WOODS AND MOSSES
Kowhai,WOODS AND MOSSES
Laotian Oud,WOODS AND MOSSES
Kyara wood,WOODS AND MOSSES
Llquidambar,WOODS AND MOSSES
Mahogany,WOODS AND MOSSES
Lichen,WOODS AND MOSSES
Malaysian Oud,WOODS AND MOSSES
Mango Tree,WOODS AND MOSSES
Manuka,WOODS AND MOSSES
Maple,WOODS AND MOSSES
Massoia,WOODS AND MOSSES
Mysore Sandalwood,WOODS AND MOSSES
Muhuhu,WOODS AND MOSSES
Mul berry plant,WOODS AND MOSSES
Miswak,WOODS AND MOSSES
Oakmoss,WOODS AND MOSSES
Nootka,WOODS AND MOSSES
Oak,WOODS AND MOSSES
Oud Butter,WOODS AND MOSSES
Palisander Rosewood,WOODS AND MOSSES
Olive Tree,WOODS AND MOSSES
Oud Sumatra,WOODS AND MOSSES
Pamplewood,WOODS AND MOSSES
Paper Mulberry,WOODS AND MOSSES
Palo Santo,WOODS AND MOSSES
Papyrus,WOODS AND MOSSES
Patchouli,WOODS AND MOSSES
Paperbark,WOODS AND MOSSES
Paraguayan Green,WOODS AND MOSSES
Sandalwood,WOODS AND MOSSES
Patchouli (Green),WOODS AND MOSSES
Peach Tree,WOODS AND MOSSES
Pear Tree,WOODS AND MOSSES
Club,WOODS AND MOSSES
Pine Tree,WOODS AND MOSSES
Pink Ipe Tree,WOODS AND MOSSES
Phoebe zhennan,WOODS AND MOSSES
Plum Tree,WOODS AND MOSSES
Red Willow,WOODS AND MOSSES
Pua Keni Keni (Pua-Lulu),WOODS AND MOSSES
Ravenala,WOODS AND MOSSES
Ravensara,WOODS AND MOSSES
Sandslore,WOODS AND MOSSES
Redwood,WOODS AND MOSSES
Rhizoma Atractylodis,WOODS AND MOSSES
Saman,WOODS AND MOSSES
Sassafras,WOODS AND MOSSES
poowues,WOODS AND MOSSES
Sawdust,WOODS AND MOSSES
Siam,WOODS AND MOSSES
Scots pine variant,WOODS AND MOSSES
Taiwan lncense-cedar,WOODS AND MOSSES
Siam Wood,WOODS AND MOSSES
Spruce,WOODS AND MOSSES
Sycamore,WOODS AND MOSSES
Takamaka,WOODS AND MOSSES
Tamboti Wood,WOODS AND MOSSES
Tatami,WOODS AND MOSSES
Teak Wood,WOODS AND MOSSES
Thaland Oud,WOODS AND MOSSES
Thuja,WOODS AND MOSSES
Thanaka Wood,WOODS AND MOSSES
Velvet Woods,WOODS AND MOSSES
Vetiver,WOODS AND MOSSES
Western redcedar,WOODS AND MOSSES
White Oud,WOODS AND MOSSES
Vietnamese Oud,WOODS AND MOSSES
Yohimbe,WOODS AND MOSSES
Wolfwood,WOODS AND MOSSES
Woody Notes,WOODS AND MOSSES
Wood barrel,WOODS AND MOSSES
Balsamic Vinegar,RESINS AND BALSAMS
Benzoin,RESINS AND BALSAMS
Birch Tar,RESINS AND BALSAMS
Bisabolene,RESINS AND BALSAMS
Bois d'Encens,RESINS AND BALSAMS
Breu-Branco,RESINS AND BALSAMS
Blue Amber,RESINS AND BALSAMS
Bushman Candle,RESINS AND BALSAMS
Choya Loban,RESINS AND BALSAMS
Cade oil,RESINS AND BALSAMS
Choya Nakh,RESINS AND BALSAMS
Choya Ral,RESINS AND BALSAMS
Copahu Balm,RESINS AND BALSAMS
Copaiba Balm,RESINS AND BALSAMS
Copal,RESINS AND BALSAMS
Dragon Blood Resin,RESINS AND BALSAMS
Gurjun Balbam,RESINS AND BALSAMS
Elemi,RESINS AND BALSAMS
Estoraque,RESINS AND BALSAMS
Labdanum,RESINS AND BALSAMS
Mastic or Lentisque,RESINS AND BALSAMS
Japanese Incense,RESINS AND BALSAMS
Incense,RESINS AND BALSAMS
Me bsangs,RESINS AND BALSAMS
Myrica,RESINS AND BALSAMS
Myrrh,RESINS AND BALSAMS
Nag Champa,RESINS AND BALSAMS
Olibanum Sacra Resin,RESINS AND BALSAMS
ntuododo,RESINS AND BALSAMS
Green,RESINS AND BALSAMS
Poplar (Populus) Buds,RESINS AND BALSAMS
Peru Balsam,RESINS AND BALSAMS
Pine Tar,RESINS AND BALSAMS
Resins,RESINS AND BALSAMS
Surf Wax,RESINS AND BALSAMS
Tea Tree Oil,RESINS AND BALSAMS
Rubber,RESINS AND BALSAMS
Styrax,RESINS AND BALSAMS
Akashic Acord,"MUSK, AMBER, ANIMALIC SMELLS"
Aldron,"MUSK, AMBER, ANIMALIC SMELLS"
Amber Xtreme,"MUSK, AMBER, ANIMALIC SMELLS"
Amber,"MUSK, AMBER, ANIMALIC SMELLS"
Ambergris,"MUSK, AMBER, ANIMALIC SMELLS"
Amberketal,"MUSK, AMBER, ANIMALIC SMELLS"
"Ambertonic"" (IFF)","MUSK, AMBER, ANIMALIC SMELLS"
Ambrarome,"MUSK, AMBER, ANIMALIC SMELLS"
Ambrette (Musk Mallow),"MUSK, AMBER, ANIMALIC SMELLS"
Ambrettolide,"MUSK, AMBER, ANIMALIC SMELLS"
Ambrein,"MUSK, AMBER, ANIMALIC SMELLS"
Ambretone,"MUSK, AMBER, ANIMALIC SMELLS"
AmbreXolide,"MUSK, AMBER, ANIMALIC SMELLS"
Ambrocenide (Symrise),"MUSK, AMBER, ANIMALIC SMELLS"
Ambrostar,"MUSK, AMBER, ANIMALIC SMELLS"
Animal Notes,"MUSK, AMBER, ANIMALIC SMELLS"
Ambroran,"MUSK, AMBER, ANIMALIC SMELLS"
Anthamber,"MUSK, AMBER, ANIMALIC SMELLS"
Bacon,"MUSK, AMBER, ANIMALIC SMELLS"
BBQ,"MUSK, AMBER, ANIMALIC SMELLS"
Cachalox,"MUSK, AMBER, ANIMALIC SMELLS"
Carrot Seeds,"MUSK, AMBER, ANIMALIC SMELLS"
Civet,"MUSK, AMBER, ANIMALIC SMELLS"
Civettone,"MUSK, AMBER, ANIMALIC SMELLS"
Coral Reef,"MUSK, AMBER, ANIMALIC SMELLS"
Daim,"MUSK, AMBER, ANIMALIC SMELLS"
Feathers,"MUSK, AMBER, ANIMALIC SMELLS"
Exaltolide?,"MUSK, AMBER, ANIMALIC SMELLS"
Genet,"MUSK, AMBER, ANIMALIC SMELLS"
Goat Ha'r,"MUSK, AMBER, ANIMALIC SMELLS"
Goat's Milk,"MUSK, AMBER, ANIMALIC SMELLS"
Grisalva,"MUSK, AMBER, ANIMALIC SMELLS"
Habanolide,"MUSK, AMBER, ANIMALIC SMELLS"
Kephalis,"MUSK, AMBER, ANIMALIC SMELLS"
Kyphi,"MUSK, AMBER, ANIMALIC SMELLS"
Hyraceum,"MUSK, AMBER, ANIMALIC SMELLS"
Horse skin,"MUSK, AMBER, ANIMALIC SMELLS"
Meat,"MUSK, AMBER, ANIMALIC SMELLS"
Milk,"MUSK, AMBER, ANIMALIC SMELLS"
Leather,"MUSK, AMBER, ANIMALIC SMELLS"
Muscrat,"MUSK, AMBER, ANIMALIC SMELLS"
Musk,"MUSK, AMBER, ANIMALIC SMELLS"
Oysters,"MUSK, AMBER, ANIMALIC SMELLS"
Saffano Leather,"MUSK, AMBER, ANIMALIC SMELLS"
Sea Shells,"MUSK, AMBER, ANIMALIC SMELLS"
Skatole,"MUSK, AMBER, ANIMALIC SMELLS"
Skin,"MUSK, AMBER, ANIMALIC SMELLS"
Skin musk,"MUSK, AMBER, ANIMALIC SMELLS"
Starfish,"MUSK, AMBER, ANIMALIC SMELLS"
Sylkolide,"MUSK, AMBER, ANIMALIC SMELLS"
Suede,"MUSK, AMBER, ANIMALIC SMELLS"
Talu Balsam,"MUSK, AMBER, ANIMALIC SMELLS"
Truffle,"MUSK, AMBER, ANIMALIC SMELLS"
Amaretto,BEVERAGES
Absinthe,BEVERAGES
Advocaat,BEVERAGES
Almdudler,BEVERAGES
Amarula,BEVERAGES
Baileys Irish Cream,BEVERAGES
Applejack,BEVERAGES
Aperol,BEVERAGES
Beer/Ale,BEVERAGES
Bellini,BEVERAGES
Batida,BEVERAGES
Beer,BEVERAGES
Blackcurrant Juice,BEVERAGES
Elue Margarita,BEVERAGES
Bohea (Wuyi Tea),BEVERAGES
Boozy Notes,BEVERAGES
Bourbon Whiskey,BEVERAGES
Buttermilk,BEVERAGES
Buttered Rum,BEVERAGES
Brandy,BEVERAGES
Calfe Latte,BEVERAGES
Cachaqa,BEVERAGES
Caipirinha,BEVERAGES
Calvados Drink,BEVERAGES
Chali Latte,BEVERAGES
Cappuccino,BEVERAGES
Champagne,BEVERAGES
pedwey,BEVERAGES
Cherry Liqueur,BEVERAGES
Champagne Cola,BEVERAGES
Champagne Rose,BEVERAGES
Cocktal Fruits,BEVERAGES
Chinotto,BEVERAGES
Coca-Cola,BEVERAGES
Cocktal accord,BEVERAGES
Coffee Liqueur,BEVERAGES
Cognac,BEVERAGES
Cola,BEVERAGES
Daiquini,BEVERAGES
Cream Liqueur,BEVERAGES
Cream Soda,BEVERAGES
Curacao,BEVERAGES
Eau de Vie,BEVERAGES
Espresso,BEVERAGES
Espresso Coffee,BEVERAGES
Frothed milk,BEVERAGES
Grogue,BEVERAGES
Grenadine,BEVERAGES
Hi-FI,BEVERAGES
Hot Chocolate,BEVERAGES
Kir Royal,BEVERAGES
Kawa Drink,BEVERAGES
Jasmine Tea,BEVERAGES
Kombucha,BEVERAGES
Limoncello,BEVERAGES
Lemon Soda,BEVERAGES
Lemonade,BEVERAGES
Mai Tai Cocktail,BEVERAGES
Liquor,BEVERAGES
Macchiato,BEVERAGES
Madeira,BEVERAGES
Margarita,BEVERAGES
Martini,BEVERAGES
Masala Chal,BEVERAGES
Mezcal,BEVERAGES
Midori,BEVERAGES
Mojto,BEVERAGES
Mint Tea,BEVERAGES
Mocha,BEVERAGES
Mulled Wine,BEVERAGES
Moonshine,BEVERAGES
Negroni,BEVERAGES
Pina Colada,BEVERAGES
Orange Soda,BEVERAGES
Ouzo,BEVERAGES
Pear Juicn,BEVERAGES
Pistachio Liquer,BEVERAGES
Plum Wine,BEVERAGES
Plum Brandy,BEVERAGES
Pisco Sour Cocktal,BEVERAGES
Port Wine,BEVERAGES
Prosecco,BEVERAGES
Punch,BEVERAGES
Raki,BEVERAGES
Rhum Agricole,BEVERAGES
Red Wine,BEVERAGES
Rice Water,BEVERAGES
Root Beer,BEVERAGES
Sangria,BEVERAGES
Sauco-aroma Baijiu,BEVERAGES
Rum,BEVERAGES
Sake,BEVERAGES
Sherry,BEVERAGES
Sour Milk,BEVERAGES
Sex on the beach,BEVERAGES
Soju,BEVERAGES
Soy Milk,BEVERAGES
Sweet Milk,BEVERAGES
Sparkding Water,BEVERAGES
Tolkaji Wine,BEVERAGES
Tonic Water,BEVERAGES
Tequila,BEVERAGES
Triple Sec,BEVERAGES
Umeshu,BEVERAGES
Verjuice,BEVERAGES
Vermouth,BEVERAGES
Whiskey,BEVERAGES
Vieux Carre,BEVERAGES
Vod ka,BEVERAGES
Vinegal,BEVERAGES
Wine Lees,BEVERAGES
Wine must,BEVERAGES
Yellow Wine,BEVERAGES
Pepperwood,"NATURAL AND SYNTHETIC, POPULAR AND WEIRD"
Airy Note,"NATURAL AND SYNTHETIC, POPULAR AND WEIRD"
AccordEudora?,"NATURAL AND SYNTHETIC, POPULAR AND WEIRD"
Alcantara Accord,"NATURAL AND SYNTHETIC, POPULAR AND WEIRD"
Aldehydes,"NATURAL AND SYNTHETIC, POPULAR AND WEIRD"
Aluminum,"NATURAL AND SYNTHETIC, POPULAR AND WEIRD"
Aldambre,"NATURAL AND SYNTHETIC, POPULAR AND WEIRD"
Ambreine,"NATURAL AND SYNTHETIC, POPULAR AND WEIRD"
Ambrettolide,"NATURAL AND SYNTHETIC, POPULAR AND WEIRD"
Ambrinol,"NATURAL AND SYNTHETIC, POPULAR AND WEIRD"
"Ambrofix""","NATURAL AND SYNTHETIC, POPULAR AND WEIRD"
AMBROXR SUPER,"NATURAL AND SYNTHETIC, POPULAR AND WEIRD"
Amyl Salicylate,"NATURAL AND SYNTHETIC, POPULAR AND WEIRD"
Ammonia,"NATURAL AND SYNTHETIC, POPULAR AND WEIRD"
Antillone',"NATURAL AND SYNTHETIC, POPULAR AND WEIRD"
Apple Shisha Accord,"NATURAL AND SYNTHETIC, POPULAR AND WEIRD"
Aquaflora,"NATURAL AND SYNTHETIC, POPULAR AND WEIRD"
Aquozone,"NATURAL AND SYNTHETIC, POPULAR AND WEIRD"
Aqua,"NATURAL AND SYNTHETIC, POPULAR AND WEIRD"
AGh,"NATURAL AND SYNTHETIC, POPULAR AND WEIRD"
Black Leather,"NATURAL AND SYNTHETIC, POPULAR AND WEIRD"
Blue Crystal,"NATURAL AND SYNTHETIC, POPULAR AND WEIRD"
Black Diamond,"NATURAL AND SYNTHETIC, POPULAR AND WEIRD"
Blood,"NATURAL AND SYNTHETIC, POPULAR AND WEIRD"
Bourgeonal,"NATURAL AND SYNTHETIC, POPULAR AND WEIRD"
Boisiris,"NATURAL AND SYNTHETIC, POPULAR AND WEIRD"
Brick,"NATURAL AND SYNTHETIC, POPULAR AND WEIRD"
Brown Scotch Tape,"NATURAL AND SYNTHETIC, POPULAR AND WEIRD"
Calone,"NATURAL AND SYNTHETIC, POPULAR AND WEIRD"
Calypsone,"NATURAL AND SYNTHETIC, POPULAR AND WEIRD"
Bumt Match,"NATURAL AND SYNTHETIC, POPULAR AND WEIRD"
Camphor,"NATURAL AND SYNTHETIC, POPULAR AND WEIRD"
Candle Wax,"NATURAL AND SYNTHETIC, POPULAR AND WEIRD"
Caoutchouc,"NATURAL AND SYNTHETIC, POPULAR AND WEIRD"
Carvas,"NATURAL AND SYNTHETIC, POPULAR AND WEIRD"
Cannoli,"NATURAL AND SYNTHETIC, POPULAR AND WEIRD"
Cashmeran,"NATURAL AND SYNTHETIC, POPULAR AND WEIRD"
Cascalone,"NATURAL AND SYNTHETIC, POPULAR AND WEIRD"
Cedramber,"NATURAL AND SYNTHETIC, POPULAR AND WEIRD"
Cashalox,"NATURAL AND SYNTHETIC, POPULAR AND WEIRD"
Cetonalo,"NATURAL AND SYNTHETIC, POPULAR AND WEIRD"
Chalk,"NATURAL AND SYNTHETIC, POPULAR AND WEIRD"
Cinnamaldehyde,"NATURAL AND SYNTHETIC, POPULAR AND WEIRD"
Cigarotte,"NATURAL AND SYNTHETIC, POPULAR AND WEIRD"
CO2 Extracts,"NATURAL AND SYNTHETIC, POPULAR AND WEIRD"
Clarycet,"NATURAL AND SYNTHETIC, POPULAR AND WEIRD"
Clean notes,"NATURAL AND SYNTHETIC, POPULAR AND WEIRD"
Clay,"NATURAL AND SYNTHETIC, POPULAR AND WEIRD"
Cobblestone,"NATURAL AND SYNTHETIC, POPULAR AND WEIRD"
Coal Tar Pitch,"NATURAL AND SYNTHETIC, POPULAR AND WEIRD"
Cocaine,"NATURAL AND SYNTHETIC, POPULAR AND WEIRD"
Loa,"NATURAL AND SYNTHETIC, POPULAR AND WEIRD"
Copper,"NATURAL AND SYNTHETIC, POPULAR AND WEIRD"
Coral Limestone,"NATURAL AND SYNTHETIC, POPULAR AND WEIRD"
Corano,"NATURAL AND SYNTHETIC, POPULAR AND WEIRD"
Cork,"NATURAL AND SYNTHETIC, POPULAR AND WEIRD"
Coumarin,"NATURAL AND SYNTHETIC, POPULAR AND WEIRD"
Credit Cards,"NATURAL AND SYNTHETIC, POPULAR AND WEIRD"
Cosmone,"NATURAL AND SYNTHETIC, POPULAR AND WEIRD"
Cuban Cigar,"NATURAL AND SYNTHETIC, POPULAR AND WEIRD"
Damascone,"NATURAL AND SYNTHETIC, POPULAR AND WEIRD"
Crustaceans,"NATURAL AND SYNTHETIC, POPULAR AND WEIRD"
Cyclopidene,"NATURAL AND SYNTHETIC, POPULAR AND WEIRD"
Dew Drop,"NATURAL AND SYNTHETIC, POPULAR AND WEIRD"
Dihydromyrcenol,"NATURAL AND SYNTHETIC, POPULAR AND WEIRD"
Desert Rain Accord,"NATURAL AND SYNTHETIC, POPULAR AND WEIRD"
Dirt,"NATURAL AND SYNTHETIC, POPULAR AND WEIRD"
Diving Suit,"NATURAL AND SYNTHETIC, POPULAR AND WEIRD"
Dodecanal,"NATURAL AND SYNTHETIC, POPULAR AND WEIRD"
Dust,"NATURAL AND SYNTHETIC, POPULAR AND WEIRD"
Earth Tincture,"NATURAL AND SYNTHETIC, POPULAR AND WEIRD"
Earthy Noties,"NATURAL AND SYNTHETIC, POPULAR AND WEIRD"
Eg9,"NATURAL AND SYNTHETIC, POPULAR AND WEIRD"
Ember,"NATURAL AND SYNTHETIC, POPULAR AND WEIRD"
Ethyl Maltol,"NATURAL AND SYNTHETIC, POPULAR AND WEIRD"
Ethyl Vanifn,"NATURAL AND SYNTHETIC, POPULAR AND WEIRD"
Ethylvanillin,"NATURAL AND SYNTHETIC, POPULAR AND WEIRD"
Eugenol,"NATURAL AND SYNTHETIC, POPULAR AND WEIRD"
Fior di Latte,"NATURAL AND SYNTHETIC, POPULAR AND WEIRD"
Factor X,"NATURAL AND SYNTHETIC, POPULAR AND WEIRD"
Evernyl,"NATURAL AND SYNTHETIC, POPULAR AND WEIRD"
Floralozone,"NATURAL AND SYNTHETIC, POPULAR AND WEIRD"
Fish,"NATURAL AND SYNTHETIC, POPULAR AND WEIRD"
Flint,"NATURAL AND SYNTHETIC, POPULAR AND WEIRD"
Floratta DNA,"NATURAL AND SYNTHETIC, POPULAR AND WEIRD"
Flour,"NATURAL AND SYNTHETIC, POPULAR AND WEIRD"
Flower Prism,"NATURAL AND SYNTHETIC, POPULAR AND WEIRD"
Galaxode,"NATURAL AND SYNTHETIC, POPULAR AND WEIRD"
Gasoline,"NATURAL AND SYNTHETIC, POPULAR AND WEIRD"
Graphite,"NATURAL AND SYNTHETIC, POPULAR AND WEIRD"
Glass,"NATURAL AND SYNTHETIC, POPULAR AND WEIRD"
Gold,"NATURAL AND SYNTHETIC, POPULAR AND WEIRD"
Grease,"NATURAL AND SYNTHETIC, POPULAR AND WEIRD"
Gunpowder,"NATURAL AND SYNTHETIC, POPULAR AND WEIRD"
Hair Pomade,"NATURAL AND SYNTHETIC, POPULAR AND WEIRD"
Guaiacol,"NATURAL AND SYNTHETIC, POPULAR AND WEIRD"
Hand Cream,"NATURAL AND SYNTHETIC, POPULAR AND WEIRD"
Hashish,"NATURAL AND SYNTHETIC, POPULAR AND WEIRD"
Head Space Waterfall,"NATURAL AND SYNTHETIC, POPULAR AND WEIRD"
Healingwood,"NATURAL AND SYNTHETIC, POPULAR AND WEIRD"
Heated metal,"NATURAL AND SYNTHETIC, POPULAR AND WEIRD"
Hexyl Acetate,"NATURAL AND SYNTHETIC, POPULAR AND WEIRD"
Hlvetolide,"NATURAL AND SYNTHETIC, POPULAR AND WEIRD"
Hedione,"NATURAL AND SYNTHETIC, POPULAR AND WEIRD"
Holy Water,"NATURAL AND SYNTHETIC, POPULAR AND WEIRD"
Hindinol,"NATURAL AND SYNTHETIC, POPULAR AND WEIRD"
Hivernal@,"NATURAL AND SYNTHETIC, POPULAR AND WEIRD"
Hina,"NATURAL AND SYNTHETIC, POPULAR AND WEIRD"
Hot Iron,"NATURAL AND SYNTHETIC, POPULAR AND WEIRD"
Indole,"NATURAL AND SYNTHETIC, POPULAR AND WEIRD"
Industrial Glue,"NATURAL AND SYNTHETIC, POPULAR AND WEIRD"
Inkcstick,"NATURAL AND SYNTHETIC, POPULAR AND WEIRD"
Instant Film Accord,"NATURAL AND SYNTHETIC, POPULAR AND WEIRD"
odine,"NATURAL AND SYNTHETIC, POPULAR AND WEIRD"
Iso E Super,"NATURAL AND SYNTHETIC, POPULAR AND WEIRD"
Isobutyl Quinoline,"NATURAL AND SYNTHETIC, POPULAR AND WEIRD"
lonones,"NATURAL AND SYNTHETIC, POPULAR AND WEIRD"
Jasmolactone,"NATURAL AND SYNTHETIC, POPULAR AND WEIRD"
Jeans,"NATURAL AND SYNTHETIC, POPULAR AND WEIRD"
Jasmone,"NATURAL AND SYNTHETIC, POPULAR AND WEIRD"
Javanol,"NATURAL AND SYNTHETIC, POPULAR AND WEIRD"
Lace,"NATURAL AND SYNTHETIC, POPULAR AND WEIRD"
Lacquered Wood,"NATURAL AND SYNTHETIC, POPULAR AND WEIRD"
Lilybelle,"NATURAL AND SYNTHETIC, POPULAR AND WEIRD"
Linalool,"NATURAL AND SYNTHETIC, POPULAR AND WEIRD"
Lip Gloss,"NATURAL AND SYNTHETIC, POPULAR AND WEIRD"
Linen,"NATURAL AND SYNTHETIC, POPULAR AND WEIRD"
Little Doll Strawberry,"NATURAL AND SYNTHETIC, POPULAR AND WEIRD"
Lipstiek,"NATURAL AND SYNTHETIC, POPULAR AND WEIRD"
Loam,"NATURAL AND SYNTHETIC, POPULAR AND WEIRD"
Lorenox,"NATURAL AND SYNTHETIC, POPULAR AND WEIRD"
Magvolan,"NATURAL AND SYNTHETIC, POPULAR AND WEIRD"
Marble,"NATURAL AND SYNTHETIC, POPULAR AND WEIRD"
Mayonnaise Accord,"NATURAL AND SYNTHETIC, POPULAR AND WEIRD"
Melba,"NATURAL AND SYNTHETIC, POPULAR AND WEIRD"
Melbaton,"NATURAL AND SYNTHETIC, POPULAR AND WEIRD"
Metallie Notes,"NATURAL AND SYNTHETIC, POPULAR AND WEIRD"
Mineral Notes,"NATURAL AND SYNTHETIC, POPULAR AND WEIRD"
Money,"NATURAL AND SYNTHETIC, POPULAR AND WEIRD"
Mitti Attar,"NATURAL AND SYNTHETIC, POPULAR AND WEIRD"
Molasses,"NATURAL AND SYNTHETIC, POPULAR AND WEIRD"
Motor Oil,"NATURAL AND SYNTHETIC, POPULAR AND WEIRD"
Mountain Air,"NATURAL AND SYNTHETIC, POPULAR AND WEIRD"
Meuste de Sao,"NATURAL AND SYNTHETIC, POPULAR AND WEIRD"
PrW,"NATURAL AND SYNTHETIC, POPULAR AND WEIRD"
Mystikal,"NATURAL AND SYNTHETIC, POPULAR AND WEIRD"
Muscenone,"NATURAL AND SYNTHETIC, POPULAR AND WEIRD"
Nail Polish,"NATURAL AND SYNTHETIC, POPULAR AND WEIRD"
Naphthalene,"NATURAL AND SYNTHETIC, POPULAR AND WEIRD"
NaturalCalm,"NATURAL AND SYNTHETIC, POPULAR AND WEIRD"
Norlimbanol,"NATURAL AND SYNTHETIC, POPULAR AND WEIRD"
Neoprene,"NATURAL AND SYNTHETIC, POPULAR AND WEIRD"
New Magazine,"NATURAL AND SYNTHETIC, POPULAR AND WEIRD"
Nympheal,"NATURAL AND SYNTHETIC, POPULAR AND WEIRD"
Old Furniture,"NATURAL AND SYNTHETIC, POPULAR AND WEIRD"
Obsidial @,"NATURAL AND SYNTHETIC, POPULAR AND WEIRD"
Old Books,"NATURAL AND SYNTHETIC, POPULAR AND WEIRD"
Old House,"NATURAL AND SYNTHETIC, POPULAR AND WEIRD"
Orbitone,"NATURAL AND SYNTHETIC, POPULAR AND WEIRD"
Orcanox,"NATURAL AND SYNTHETIC, POPULAR AND WEIRD"
"Osmasylk Natsublim""","NATURAL AND SYNTHETIC, POPULAR AND WEIRD"
Ozonic Notes,"NATURAL AND SYNTHETIC, POPULAR AND WEIRD"
Oud Smoke,"NATURAL AND SYNTHETIC, POPULAR AND WEIRD"
Para-Cresyl Pherryl Acetate,"NATURAL AND SYNTHETIC, POPULAR AND WEIRD"
Party Balloons,"NATURAL AND SYNTHETIC, POPULAR AND WEIRD"
Paradisone,"NATURAL AND SYNTHETIC, POPULAR AND WEIRD"
Parchment,"NATURAL AND SYNTHETIC, POPULAR AND WEIRD"
Pebbles,"NATURAL AND SYNTHETIC, POPULAR AND WEIRD"
Pearadise,"NATURAL AND SYNTHETIC, POPULAR AND WEIRD"
Pink Crystal,"NATURAL AND SYNTHETIC, POPULAR AND WEIRD"
Petroleum,"NATURAL AND SYNTHETIC, POPULAR AND WEIRD"
Pencil,"NATURAL AND SYNTHETIC, POPULAR AND WEIRD"
Pink Himalayan Sea Salt,"NATURAL AND SYNTHETIC, POPULAR AND WEIRD"
Plasma,"NATURAL AND SYNTHETIC, POPULAR AND WEIRD"
Plastic,"NATURAL AND SYNTHETIC, POPULAR AND WEIRD"
Pizza,"NATURAL AND SYNTHETIC, POPULAR AND WEIRD"
Plastic Bag,"NATURAL AND SYNTHETIC, POPULAR AND WEIRD"
Play-Doh,"NATURAL AND SYNTHETIC, POPULAR AND WEIRD"
Poison,"NATURAL AND SYNTHETIC, POPULAR AND WEIRD"
Poivro,"NATURAL AND SYNTHETIC, POPULAR AND WEIRD"
Porcelain clay,"NATURAL AND SYNTHETIC, POPULAR AND WEIRD"
Pomarose,"NATURAL AND SYNTHETIC, POPULAR AND WEIRD"
Pollen,"NATURAL AND SYNTHETIC, POPULAR AND WEIRD"
Porcelain,"NATURAL AND SYNTHETIC, POPULAR AND WEIRD"
Priest's Clothes,"NATURAL AND SYNTHETIC, POPULAR AND WEIRD"
Powdery Notes,"NATURAL AND SYNTHETIC, POPULAR AND WEIRD"
Prunol,"NATURAL AND SYNTHETIC, POPULAR AND WEIRD"
Red Lantem,"NATURAL AND SYNTHETIC, POPULAR AND WEIRD"
Rain Notes,"NATURAL AND SYNTHETIC, POPULAR AND WEIRD"
RE Base,"NATURAL AND SYNTHETIC, POPULAR AND WEIRD"
Rhodinol,"NATURAL AND SYNTHETIC, POPULAR AND WEIRD"
Rice Powder,"NATURAL AND SYNTHETIC, POPULAR AND WEIRD"
Ricotta,"NATURAL AND SYNTHETIC, POPULAR AND WEIRD"
Fiver Notes,"NATURAL AND SYNTHETIC, POPULAR AND WEIRD"
Salicylic Acid,"NATURAL AND SYNTHETIC, POPULAR AND WEIRD"
Romandolideoo,"NATURAL AND SYNTHETIC, POPULAR AND WEIRD"
Rose Oxide,"NATURAL AND SYNTHETIC, POPULAR AND WEIRD"
Safrole,"NATURAL AND SYNTHETIC, POPULAR AND WEIRD"
Satin,"NATURAL AND SYNTHETIC, POPULAR AND WEIRD"
"Santamanol""","NATURAL AND SYNTHETIC, POPULAR AND WEIRD"
sand,"NATURAL AND SYNTHETIC, POPULAR AND WEIRD"
Scent Trek,"NATURAL AND SYNTHETIC, POPULAR AND WEIRD"
Shamama Attar,"NATURAL AND SYNTHETIC, POPULAR AND WEIRD"
Sea Water,"NATURAL AND SYNTHETIC, POPULAR AND WEIRD"
Serenolide,"NATURAL AND SYNTHETIC, POPULAR AND WEIRD"
Sisal Rope,"NATURAL AND SYNTHETIC, POPULAR AND WEIRD"
Silver,"NATURAL AND SYNTHETIC, POPULAR AND WEIRD"
Sinfonide,"NATURAL AND SYNTHETIC, POPULAR AND WEIRD"
Siren,"NATURAL AND SYNTHETIC, POPULAR AND WEIRD"
Slate,"NATURAL AND SYNTHETIC, POPULAR AND WEIRD"
Soap,"NATURAL AND SYNTHETIC, POPULAR AND WEIRD"
Smoke,"NATURAL AND SYNTHETIC, POPULAR AND WEIRD"
Solar Notes,"NATURAL AND SYNTHETIC, POPULAR AND WEIRD"
Sodium Silicate,"NATURAL AND SYNTHETIC, POPULAR AND WEIRD"
Soda Bubbles,"NATURAL AND SYNTHETIC, POPULAR AND WEIRD"
Soy Sauce,"NATURAL AND SYNTHETIC, POPULAR AND WEIRD"
Sparking Accord,"NATURAL AND SYNTHETIC, POPULAR AND WEIRD"
SP3 Carbon,"NATURAL AND SYNTHETIC, POPULAR AND WEIRD"
Spiranol,"NATURAL AND SYNTHETIC, POPULAR AND WEIRD"
Spray Paint,"NATURAL AND SYNTHETIC, POPULAR AND WEIRD"
Squishmallow Accord,"NATURAL AND SYNTHETIC, POPULAR AND WEIRD"
Steam accord,"NATURAL AND SYNTHETIC, POPULAR AND WEIRD"
Stardust,"NATURAL AND SYNTHETIC, POPULAR AND WEIRD"
Stone,"NATURAL AND SYNTHETIC, POPULAR AND WEIRD"
Suederal8,"NATURAL AND SYNTHETIC, POPULAR AND WEIRD"
Sulphur,"NATURAL AND SYNTHETIC, POPULAR AND WEIRD"
Sublimolidem,"NATURAL AND SYNTHETIC, POPULAR AND WEIRD"
Straw,"NATURAL AND SYNTHETIC, POPULAR AND WEIRD"
Sunscreen,"NATURAL AND SYNTHETIC, POPULAR AND WEIRD"
Suntan Lotion,"NATURAL AND SYNTHETIC, POPULAR AND WEIRD"
T-5hirt ascord,"NATURAL AND SYNTHETIC, POPULAR AND WEIRD"
Sweat,"NATURAL AND SYNTHETIC, POPULAR AND WEIRD"
Tennis Ball,"NATURAL AND SYNTHETIC, POPULAR AND WEIRD"
Talc,"NATURAL AND SYNTHETIC, POPULAR AND WEIRD"
Terpentine,"NATURAL AND SYNTHETIC, POPULAR AND WEIRD"
Terracotta,"NATURAL AND SYNTHETIC, POPULAR AND WEIRD"
Terranol,"NATURAL AND SYNTHETIC, POPULAR AND WEIRD"
"Thalassogaia""","NATURAL AND SYNTHETIC, POPULAR AND WEIRD"
Timberol,"NATURAL AND SYNTHETIC, POPULAR AND WEIRD"
Timbersilkr,"NATURAL AND SYNTHETIC, POPULAR AND WEIRD"
Tires,"NATURAL AND SYNTHETIC, POPULAR AND WEIRD"
Tanalide?,"NATURAL AND SYNTHETIC, POPULAR AND WEIRD"
"Tonquitone""","NATURAL AND SYNTHETIC, POPULAR AND WEIRD"
Tomato Sauce,"NATURAL AND SYNTHETIC, POPULAR AND WEIRD"
Toothpaste,"NATURAL AND SYNTHETIC, POPULAR AND WEIRD"
Trimofix@,"NATURAL AND SYNTHETIC, POPULAR AND WEIRD"
Tuberolide,"NATURAL AND SYNTHETIC, POPULAR AND WEIRD"
Vanillin,"NATURAL AND SYNTHETIC, POPULAR AND WEIRD"
Vamish Accord,"NATURAL AND SYNTHETIC, POPULAR AND WEIRD"
Veloutone,"NATURAL AND SYNTHETIC, POPULAR AND WEIRD"
/erdox,"NATURAL AND SYNTHETIC, POPULAR AND WEIRD"
Vinyl Guaiacol,"NATURAL AND SYNTHETIC, POPULAR AND WEIRD"
Vitamin C,"NATURAL AND SYNTHETIC, POPULAR AND WEIRD"
Vinyl,"NATURAL AND SYNTHETIC, POPULAR AND WEIRD"
Water,"NATURAL AND SYNTHETIC, POPULAR AND WEIRD"
Wet Stone,"NATURAL AND SYNTHETIC, POPULAR AND WEIRD"
Westem Honey Bee,"NATURAL AND SYNTHETIC, POPULAR AND WEIRD"
Wet Plaster,"NATURAL AND SYNTHETIC, POPULAR AND WEIRD"
White Leather,"NATURAL AND SYNTHETIC, POPULAR AND WEIRD"
White Powder,"NATURAL AND SYNTHETIC, POPULAR AND WEIRD"
Wool,"NATURAL AND SYNTHETIC, POPULAR AND WEIRD"
Z-11HD,"NATURAL AND SYNTHETIC, POPULAR AND WEIRD"
Yeast,"NATURAL AND SYNTHETIC, POPULAR AND WEIRD"
Horsepower,UNCATEGORIZED
Charcoal,UNCATEGORIZED
Gun Smoke,UNCATEGORIZED
Hookah,UNCATEGORIZED
Jonquille,UNCATEGORIZED
Moxalone,UNCATEGORIZED
Pandan,UNCATEGORIZED
Nemophila,UNCATEGORIZED
Salmiak salt,UNCATEGORIZED
Paradisamide,UNCATEGORIZED
Powder From The Moon,UNCATEGORIZED
Rocket fuel,UNCATEGORIZED
Space Ship,UNCATEGORIZED
Sea cucumber,UNCATEGORIZED
Sorghum,UNCATEGORIZED
Sweet Alyssum,UNCATEGORIZED
Sweet Potato,UNCATEGORIZED
Umami,UNCATEGORIZED
