source_id,source_name,proposed_time,raw_record_count,unique_molecule_count,descriptor_coverage,doi,source_url
arctander,Arctander's dataset,1960,2824,2751,77,,https://catalog.hathitrust.org/Record/001519716
aromadb,AromaDB,2018-08-13,869,869,127,10.3389/fpls.2018.01081,https://aromadb.org
flavordb,FlavorDB,2018-01-04,525,525,255,10.1093/nar/gkx957,https://cosylab.iiitd.edu.in/flavordb
flavornet,Flavornet,1998,716,716,195,10.1016/S0167-4501(98)80029-0,https://www.flavornet.org
TGSC,The Good Scents Company,1980,4622,4561,667,,https://www.thegoodscentscompany.com
IFRA,International Fragrance Association,2019,1060,1060,181,,https://ifrafragrance.org
Leffingwell,Leffingwell Odor Database,undated,3522,3522,113,,https://www.leffingwell.com/odordata.htm
SMILES_to_smell,SMILES to Smell,2021-02-22,4006,4006,572,10.1021/acs.jcim.0c01288,https://figshare.com/articles/journal_contribution/SMILES_to_Smell_Decoding_the_Structure_Odor_Relationship_of_Chemical_Compounds_Using_the_Deep_Neural_Network_Approach/13584946
OlfactionBase,OlfactionBase,2021-02-22,5103,5098,501,10.1021/acs.jcim.0c01288,https://olfactionbase.com
